image_lien,adresse,prix,details
https://images.coinafrique.com/thumb_729692_uploaded_image1_1562719154.82.png,"Medina, Dakar, Sénégal",25000.0,Details Inconnus
https://images.coinafrique.com/thumb_729710_uploaded_image1_1562719384.82.png,"Grand Yoff, Dakar, Sénégal",3000.0,"On livre partout à Dakar .

Juste vous payer le prix de votre poulet et la livraison est faite ."
https://images.coinafrique.com/thumb_729715_uploaded_image1_1562719494.94.png,"Médina, Dakar, Sénégal",25000.0,Details Inconnus
https://images.coinafrique.com/thumb_761183_uploaded_image1_1563536095.25.png,"Mbour, Sénégal",70000.0,Un couple géant des Flandre issu d'un mâle fauve géant des flandre pur sang importé et tatoué.
https://images.coinafrique.com/thumb_774940_uploaded_image1_1563940703.34.png,"Dakar, Sénégal",40000.0,"Couple de lapins demi sang géants des Flandres, disponible"
https://images.coinafrique.com/thumb_798654_uploaded_image2_1564576617.9.png,"Guediawaye, Dakar, Sénégal",2000.0,Meilleure qualité poulet de chair poids 2.kg à seulement 2000
https://images.coinafrique.com/thumb_841858_uploaded_image1_1565838064.66.png,"Thies Ouest, Thiès, Sénégal",5000.0,Bonjour je vends des coqs et poussins de Brahmane pur sang
https://images.coinafrique.com/thumb_855420_uploaded_image1_1566249496.28.png,Sénégal,15000.0,Disponibles.
https://images.coinafrique.com/thumb_858710_uploaded_image1_1566319546.08.png,Sénégal,800.0,Details Inconnus
https://images.coinafrique.com/thumb_862099_uploaded_image1_1566396428.28.png,"Médina, Dakar, Sénégal",70000.0,Femelle GDF 4 mois à vendre
https://images.coinafrique.com/thumb_878312_uploaded_image1_1566833445.3.png,"Médina, Dakar, Sénégal",10000.0,Details Inconnus
https://images.coinafrique.com/thumb_885789_uploaded_image1_1566997710.07.png,"Dakar, Sénégal",2500.0,Details Inconnus
https://images.coinafrique.com/thumb_886578_uploaded_image1_1567011857.49.png,Sénégal,800.0,"Nous mettons à votre disposition des volailles de race de hollande

- Origine hollandaise

- Poids adulte : coq : 3,5 à 4 kg ; poule : 2,7 à 3,2 kg

Nous faisons la couvaison des œufs importés et mettons en vente les poussins à raison de 800 F CFA l’unité."
https://images.coinafrique.com/thumb_886584_uploaded_image1_1567011994.0.png,Sénégal,2500.0,Details Inconnus
https://images.coinafrique.com/thumb_899472_uploaded_image1_1567385639.81.png,"Dakar, Sénégal",30000.0,Coq cochin bleu de 6 mois à vendre
https://images.coinafrique.com/thumb_899477_uploaded_image1_1567385912.28.png,"Dakar, Sénégal",15000.0,Couple bantam de 3 semaines à vendre
https://images.coinafrique.com/thumb_899487_uploaded_image1_1567386142.96.png,"Dakar, Sénégal",15000.0,Barahmane de 4 mois à vendre.
https://images.coinafrique.com/thumb_899496_uploaded_image1_1567386467.81.png,"Dakar, Sénégal",30000.0,Femelle cochin bleu en production et race pure à vendre
https://images.coinafrique.com/thumb_908730_uploaded_image1_1567603082.63.png,"Pikine, Sénégal",25000.0,Venez commander de bons poulets à bon prix
https://images.coinafrique.com/thumb_912493_uploaded_image1_1567685916.85.png,"Keur Massar, Sénégal",8000.0,Poussins de moins de 2 semaines
https://images.coinafrique.com/thumb_944280_uploaded_image1_1568469542.41.png,"Dieuppeul-Derklé, Dakar, Sénégal",7000.0,Bon prix .
https://images.coinafrique.com/thumb_944363_uploaded_image1_1568471599.26.png,Sénégal,25000.0,"Éleveur professionnel
Pigeon de race poulet de race lapin de race pérush"
https://images.coinafrique.com/thumb_968953_uploaded_image1_1569008082.81.png,"Guediawaye, Dakar, Sénégal",30000.0,"Je vends des paires de paons à des prix très abordables. 

Si vous êtes intéressés, contactez moi."
https://images.coinafrique.com/thumb_977534_uploaded_image1_1569239272.43.png,Sénégal,7000.0,Poules
https://images.coinafrique.com/thumb_993655_uploaded_image1_1569535990.77.png,"Médina, Dakar, Sénégal",11000.0,Lapin mal
https://images.coinafrique.com/thumb_1006369_uploaded_image1_1569853974.38.png,"Hann Bel-Air, Dakar, Sénégal",35000.0,Capables de couver ses œufs et d'élever ses poussins
https://images.coinafrique.com/thumb_1006380_uploaded_image1_1569854064.06.png,"Hann Bel-Air, Dakar, Sénégal",15000.0,Capables de couver ses œufs comme les poules de la basse cour
https://images.coinafrique.com/thumb_1006407_uploaded_image1_1569854536.38.png,"Grand Yoff, Dakar, Sénégal",20000.0,Pigeon Triganini est une race de pigeon italienne de Modene
https://images.coinafrique.com/thumb_1006413_uploaded_image1_1569854645.39.png,"Grand Yoff, Dakar, Sénégal",25000.0,Messager de Bassorah est une race de pigeon syrienne
https://images.coinafrique.com/thumb_1006424_uploaded_image1_1569854764.54.png,"Grand Yoff, Dakar, Sénégal",20000.0,Pigeon originaire de la ville  de Revelles
https://images.coinafrique.com/thumb_1014679_uploaded_image1_1570023780.43.png,"Mermoz-Sacré-Cœur, Dakar, Sénégal",15000.0,Details Inconnus
https://images.coinafrique.com/thumb_1023073_uploaded_image1_1570188340.15.png,"Yoff, Dakar, Sénégal",45000.0,Lapin géant métisse Florida white (USA) âgés de 6 mois et bien entretenu
https://images.coinafrique.com/thumb_1040990_uploaded_image1_1570583700.42.png,"Hann Bel-Air, Dakar, Sénégal",75000.0,Des inséparables perroquets de décoration
https://images.coinafrique.com/thumb_1072763_uploaded_image1_1571252694.33.png,"Mermoz-Sacré Coeur, Dakar, Sénégal",35000.0,"Lapin mâle de 5 mois 3/4, géant des Flandres."
https://images.coinafrique.com/thumb_1091921_uploaded_image1_1571681099.26.png,"Diourbel, Sénégal",25000.0,Details Inconnus
https://images.coinafrique.com/thumb_1112720_uploaded_image1_1572054298.36.png,"Cambérène, Dakar, Sénégal",50000.0,Je vends un couple pigeons cravatés français.
https://images.coinafrique.com/thumb_1115010_uploaded_image1_1572106167.81.png,Sénégal,25000.0,Bon poulet
https://images.coinafrique.com/thumb_1137405_uploaded_image2_1572537461.89.png,"Fatick, Sénégal",25000.0,Pigeons de race pur sang.
https://images.coinafrique.com/thumb_1146827_uploaded_image2_1572746441.92.png,"Patte d'oie, Dakar, Sénégal",25000.0,"Je vends des poulets ""guinars tiirr"", disponibles à bon prix noirs et blancs."
https://images.coinafrique.com/thumb_1148605_uploaded_image1_1572793285.71.png,"Mermoz-Sacré-Cœur, Dakar, Sénégal",25000.0,Details Inconnus
https://images.coinafrique.com/thumb_1148681_uploaded_image1_1572794832.68.png,"Mermoz-Sacré-Cœur, Dakar, Sénégal",30000.0,A discuter
https://images.coinafrique.com/thumb_1159518_uploaded_image1_1572985208.46.png,Sénégal,25000.0,Poussin de qualité couvoir Amar nous travaillions pour l'efficacité selon le besoin et la proximité des personnes.
https://images.coinafrique.com/thumb_1204935_uploaded_image1_1573840898.61.png,"Les Parcelles Assainies, Dakar, Sénégal",20000.0,Je vends une jeune femelle lahor lavande
https://images.coinafrique.com/thumb_1209192_uploaded_image1_1573933592.0.png,"Pikine, Sénégal",60000.0,Eureka guet-gui - met en vente ce couple de beauté allemand blanc uni adulte
https://images.coinafrique.com/thumb_1242200_uploaded_image1_1574510941.51.png,"Dakar, Sénégal",20000.0,"Bonjour tout le monde , nous somme là pour vous présenter notre premier fruit de la Colombo culture (élevage des pigeons de races) 
Un couple de pigeon jeune, âgé de 2 mois ,ce sont des paons indien rouge à tampon gris
Paon indien à un prix vraiment avantageux pour vous.
Eh oui, c'est notre black friday ,"
https://images.coinafrique.com/thumb_1246480_uploaded_image1_1574613561.29.png,"Mermoz-Sacré-Cœur, Dakar, Sénégal",10000.0,Bonjour je vous présente une femelle fauve à un prix cadeau + un paon blanc offert
https://images.coinafrique.com/thumb_1247406_uploaded_image1_1574631655.88.png,"Mermoz-Sacré-Cœur, Dakar, Sénégal",20000.0,"Je vends un pigeon mâle de race mondain
je vous le vends à un prix cadeau alors appelez-moi vite
n'hésitez pas pour des informations."
https://images.coinafrique.com/thumb_1261253_uploaded_image1_1574871227.98.png,"Ngor, Dakar, Sénégal",25000.0,"Lapin fauve de Bourgogne à vendre 
Pure race"
https://images.coinafrique.com/thumb_1291213_uploaded_image1_1575425609.27.png,"Guediawaye, Dakar, Sénégal",70000.0,Je suis un éleveur de lapin de race
https://images.coinafrique.com/thumb_1291215_uploaded_image1_1575425694.27.png,"Guediawaye, Dakar, Sénégal",70000.0,Lapins de race à vendre en bonne santé
https://images.coinafrique.com/thumb_1291244_uploaded_image1_1575430604.21.png,"Grand Yoff, Dakar, Sénégal",25000.0,Details Inconnus
https://images.coinafrique.com/thumb_1346036_uploaded_image1_1576462750.49.png,"Dakar, Sénégal",25000.0,"Nous vendons des dindes ; colvert ; canard ; pigeons ; poulet local etc....
Veillez me contacter pour plus d'information  merci"
https://images.coinafrique.com/thumb_1346042_uploaded_image1_1576463783.33.png,"Mermoz-Sacré-Cœur, Dakar, Sénégal",5000.0,Nous vendons des canards. Contacter nous pour plus d'information merci
https://images.coinafrique.com/thumb_1365452_uploaded_image1_1576790350.48.png,"Dakar, Sénégal",240.0,"Des œufs fécondés de qualité, pour des poussins en bonne santé.
Nous produisons des œufs fécondés de Ross 308. 
Les poulet de chairs.
Notre stock est toujours disponible. 
Nous livrons dans 3 jours après la validation de votre commande 
Nous livrons minimum une palette qui contient 8640 œufs. 
NB: si vous avez besoin plus d'informations ou d'un incubateur n'hésitez pas à nous contacter."
https://images.coinafrique.com/thumb_1415870_uploaded_image1_1577915713.92.png,"Keur Massar, Sénégal",60000.0,Trio bantam de pékin (male noir femele noir et gris)
https://images.coinafrique.com/thumb_1415899_uploaded_image1_1577916626.18.png,"Keur Massar, Sénégal",50000.0,Couple brahmane adulte
https://images.coinafrique.com/thumb_1417714_uploaded_image1_1577970779.66.png,"Dakar, Sénégal",40000.0,Baramane de race
https://images.coinafrique.com/thumb_1432855_uploaded_image1_1578928555.77.png,Sénégal,15000.0,"Des poussins hermines sont disponible sur prix
Merci"
https://images.coinafrique.com/thumb_1461888_uploaded_image1_1578719186.99.png,"Hann Bel-Air, Dakar, Sénégal",35000.0,Une mâle de poule de race baraman à vendre
https://images.coinafrique.com/thumb_1480111_uploaded_image1_1579028647.6.png,"Keur Massar, Sénégal",15000.0,Des males de bantam de pékin à vendre à un prix abordable
https://images.coinafrique.com/thumb_1521236_uploaded_image1_1579695858.03.png,"Hann Bel-Air, Dakar, Sénégal",40000.0,Un mâle de race baraman disponible
https://images.coinafrique.com/thumb_1577201_uploaded_image1_1580561085.8.png,"Keur Massar, Sénégal",25000.0,Couple cochin adulte(male et une femele coucou)
https://images.coinafrique.com/thumb_1584132_uploaded_image2_1580714620.25.png,"Keur Massar, Sénégal",77500.0,Couple  oie à vendre prix abordable
https://images.coinafrique.com/thumb_1599500_uploaded_image1_1580916087.86.png,"Les Parcelles Assainies, Dakar, Sénégal",30000.0,Details Inconnus
https://images.coinafrique.com/thumb_1645136_uploaded_image1_1581608040.8.png,"Keur Massar, Sénégal",55000.0,Couple cochin adulte à vendre
https://images.coinafrique.com/thumb_1654385_uploaded_image1_1581775358.47.png,"Guediawaye, Dakar, Sénégal",40000.0,Details Inconnus
https://images.coinafrique.com/thumb_1687460_uploaded_image1_1582336381.54.png,"Dakar, Sénégal",10000.0,Je mets en vente des lapin métissé
https://images.coinafrique.com/thumb_1691196_uploaded_image1_1582420837.2.png,"Dakar, Sénégal",77500.0,Details Inconnus
https://images.coinafrique.com/thumb_1699722_uploaded_image1_1582581938.31.png,"Louga, Sénégal",35000.0,Vente de coq Orpington fauve
https://images.coinafrique.com/thumb_1712742_uploaded_image1_1582798028.37.png,"Dakar-Plateau, Dakar, Sénégal",65000.0,Couple pigeons de race
https://images.coinafrique.com/thumb_1716103_uploaded_image1_1582837127.36.png,"Dakar, Sénégal",5000.0,Des poussins Orpington disponible à 5000fcfa l'unité
https://images.coinafrique.com/thumb_1723625_uploaded_image1_1582972350.31.png,"Les Parcelles Assainies, Dakar, Sénégal",25000.0,Baraman disponible mâle à bon prix
https://images.coinafrique.com/thumb_1732205_uploaded_image1_1583152160.0.png,"Thies Nord, Thiès, Sénégal",25000.0,Lapin de race Angora
https://images.coinafrique.com/thumb_1773437_uploaded_image1_1583858452.61.png,"Keur Massar, Sénégal",20000.0,Mâles bantam de pékin de 7 mois à vendre
https://images.coinafrique.com/thumb_1804515_uploaded_image1_1584398280.63.png,"Grand Yoff, Dakar, Sénégal",60000.0,Des couple texan et paon indien disponible
https://images.coinafrique.com/thumb_1804522_uploaded_image1_1584398352.13.png,"Dakar, Sénégal",60000.0,Des couple texan et paon indien disponible
https://images.coinafrique.com/thumb_1804679_uploaded_image1_1584402291.56.png,"Keur Massar, Sénégal",30000.0,Bonjour je vend une  couple a paon indien
https://images.coinafrique.com/thumb_1804847_uploaded_image1_1584408926.38.png,Sénégal,2700.0,Livraison a domicile a partir de 5 poulets 1kilo700 et 2kilo
https://images.coinafrique.com/thumb_1812172_uploaded_image1_1584528622.9.png,"Parcelle Assainies, Dakar, Sénégal",40000.0,Brahma à vendre race pure bonne santé .
https://images.coinafrique.com/thumb_1831098_uploaded_image1_1584866026.02.png,"Dakar-Plateau, Dakar, Sénégal",13000.0,Pigeon voyageur
https://images.coinafrique.com/thumb_1831100_uploaded_image1_1584866055.19.png,"Dakar-Plateau, Dakar, Sénégal",13000.0,Pigeon voyageur
https://images.coinafrique.com/thumb_1842198_uploaded_image1_1585068914.59.png,"Rufisque, Sénégal",3000.0,"Avez vous besoin de poulet appelez nous.     
Distributeur de poulets de chairs faites vos commandes"
https://images.coinafrique.com/thumb_1856511_uploaded_image1_1585321343.73.png,"Louga, Sénégal",25000.0,De beaux pigeons mondains boulans ou métisses disponibles en quantité et en qualité
https://images.coinafrique.com/thumb_1888745_uploaded_image1_1585919292.3.png,"Keur Massar, Sénégal",2500.0,Des poulet de chair de bonne qualité disponible
https://images.coinafrique.com/thumb_1890068_uploaded_image1_1585932988.65.png,"Mermoz-Sacré-Cœur, Dakar, Sénégal",40000.0,Details Inconnus
https://images.coinafrique.com/thumb_1890093_uploaded_image1_1585933267.84.png,"Mermoz-Sacré-Cœur, Dakar, Sénégal",30000.0,Details Inconnus
https://images.coinafrique.com/thumb_1890181_uploaded_image1_1585934252.04.png,"Mermoz-Sacré-Cœur, Dakar, Sénégal",40000.0,Details Inconnus
https://images.coinafrique.com/thumb_1890193_uploaded_image1_1585934383.75.png,"Mermoz-Sacré-Cœur, Dakar, Sénégal",35000.0,Details Inconnus
https://images.coinafrique.com/thumb_1907954_uploaded_image1_1586270049.67.png,"Dakar, Sénégal",3000.0,Details Inconnus
https://images.coinafrique.com/thumb_1963021_uploaded_image1_1587139946.35.jpeg,"Dakar, Sénégal",2400.0,1kg700 a 1kg900 et frais de livraison
https://images.coinafrique.com/thumb_1963033_uploaded_image1_1587140018.16.jpeg,"Dakar, Sénégal",2400.0,1kg700 a 1kg900
https://images.coinafrique.com/thumb_1971696_uploaded_image1_1587287294.47.jpeg,"Saly, Sénégal",650.0,"Je vends des poussins de chair nés le 8 avril j'en ai environ 350
et 10 poussins bleu de hollande à 950 fcfa"
https://images.coinafrique.com/thumb_1975396_uploaded_image1_1587342507.59.jpeg,"Keur Massar, Sénégal",25000.0,Couple brahman adulte de 7 mois contactez-moi
https://images.coinafrique.com/thumb_1988804_uploaded_image1_1587553659.jpg,"Dieuppeul-Derklé, Dakar, Sénégal",2500.0,"Nous vous proposons des poulets de bonne qualité à partir de 2500 F ( prix au détail )
Vente en gros possible"
https://images.coinafrique.com/thumb_1990096_uploaded_image1_1587571540.jpg,"Keur Massar, Sénégal",25000.0,"Poussins de brahman colombia de 3 semaines disponible
Venez vite"
https://images.coinafrique.com/thumb_1992182_uploaded_image1_1587592805.jpg,"Guediawaye, Dakar, Sénégal",35000.0,Pigeon rouge
https://images.coinafrique.com/thumb_1995115_uploaded_image1_1587645382.jpg,"Dakar, Sénégal",50000.0,A vendre
https://images.coinafrique.com/thumb_1995134_uploaded_image1_1587645507.jpg,"Dakar, Sénégal",50000.0,Details Inconnus
https://images.coinafrique.com/thumb_1995183_uploaded_image1_1587645917.jpg,"Dakar, Sénégal",50000.0,Details Inconnus
https://images.coinafrique.com/thumb_1995210_uploaded_image1_1587646147.jpg,"Dakar, Sénégal",50000.0,Details Inconnus
https://images.coinafrique.com/thumb_1997244_uploaded_image1_1587667066.jpg,"Dakar, Sénégal",35000.0,2 mois
https://images.coinafrique.com/thumb_2001942_uploaded_image2_1587735661.98.jpeg,"Dakar, Sénégal",3000.0,Pour plus d'information appelez moi ou whatsapp possibilité de livraison
https://images.coinafrique.com/thumb_2002375_uploaded_image1_1587741273.jpg,"Keur Massar, Sénégal",2200.0,"Je vends des poulets sur pieds et des œufs à 1500FCFA  si vous passez récupérer votre commande, 1600 si c'est moi qui vous l'amène."
https://images.coinafrique.com/thumb_2021584_uploaded_image1_1588073587.jpg,"Dakar, Sénégal",4200.0,Details Inconnus
https://images.coinafrique.com/thumb_2172605_uploaded_image1_1590453736.jpg,"Keur Massar, Sénégal",2200.0,Je veux des poulets de bonne qualité à un prix raisonnable
https://images.coinafrique.com/thumb_2221541_uploaded_image1_1591196081.jpg,"Parcelle Assainies, Dakar, Sénégal",20000.0,Nous vendons des lapins et lapereaux de toutes races à des prix incontournables
https://images.coinafrique.com/thumb_2223516_uploaded_image1_1591222379.jpg,"HLM, Dakar, Sénégal",15000.0,"Je vends des lapins race blanche angora française de 52 jours 
à des prix imbattables"
https://images.coinafrique.com/thumb_2229912_uploaded_image1_1591309427.jpg,"Dakar, Sénégal",15000.0,"Je vends des lapins de races blanches angora française âgées de 52 jours à des prix imbattables.
n'hésitez pas à passer votre commande avec la possibilité d'une livraison à domicile"
https://images.coinafrique.com/thumb_2257183_uploaded_image1_1591743270.jpg,"Dakar, Sénégal",12500.0,Details Inconnus
https://images.coinafrique.com/thumb_2257189_uploaded_image1_1591743386.jpg,"Dakar, Sénégal",12500.0,Details Inconnus
https://images.coinafrique.com/thumb_2258568_uploaded_image1_1591778766.jpg,"Keur Massar, Sénégal",25000.0,"Trois jeunes males brahman à céder 
faîtes vite"
https://images.coinafrique.com/thumb_2263150_uploaded_image1_1591826889.jpg,"Rufisque, Sénégal",65000.0,Couple bramane productrice
https://images.coinafrique.com/thumb_2270078_uploaded_image1_1591913628.5.jpeg,"Mermoz-Sacré-Cœur, Dakar, Sénégal",40000.0,Culbita rakovni
https://images.coinafrique.com/thumb_2283626_uploaded_image1_1592152112.jpg,"Dakar, Sénégal",40000.0,Details Inconnus
https://images.coinafrique.com/thumb_2283654_uploaded_image1_1592152413.jpg,"Dakar, Sénégal",40000.0,Coucou
https://images.coinafrique.com/thumb_2284382_uploaded_image1_1592163164.jpg,"Dakar, Sénégal",40000.0,Cochin coucou 2 mois
https://images.coinafrique.com/thumb_2284393_uploaded_image1_1592163359.jpg,"Dakar, Sénégal",40000.0,Cochin coucou  2mois
https://images.coinafrique.com/thumb_2289615_uploaded_image1_1592241607.jpg,"Mbour, Sénégal",3000.0,Details Inconnus
https://images.coinafrique.com/thumb_2297368_uploaded_image1_1592352689.jpg,"Parcelle Assainies, Dakar, Sénégal",20000.0,"Nous vendons des lapins et lapereaux de toutes races à des prix incontournables .
votre satisfaction,notre priorité.!"
https://images.coinafrique.com/thumb_2321095_uploaded_image1_1592725829.jpg,"Dakar, Sénégal",70000.0,Details Inconnus
https://images.coinafrique.com/thumb_2321099_uploaded_image1_1592725966.jpg,"Dakar, Sénégal",60000.0,Linsse pair
https://images.coinafrique.com/thumb_2321103_uploaded_image1_1592726101.jpg,"Dakar, Sénégal",10000.0,Details Inconnus
https://images.coinafrique.com/thumb_2323541_uploaded_image1_1592764212.jpg,"Dakar, Sénégal",35000.0,Details Inconnus
https://images.coinafrique.com/thumb_2323545_uploaded_image1_1592764300.jpg,"Dakar, Sénégal",70000.0,Lince
https://images.coinafrique.com/thumb_2323612_uploaded_image1_1592765525.jpg,"Dakar, Sénégal",70000.0,Lince
https://images.coinafrique.com/thumb_2336310_uploaded_image1_1592955606.jpg,"Diourbel, Sénégal",2000.0,Details Inconnus
https://images.coinafrique.com/thumb_2349641_uploaded_image1_1593167061.jpg,"Dakar, Sénégal",50000.0,Lapin de race engoura géant en bonne sante
https://images.coinafrique.com/thumb_2351149_uploaded_image1_1593181470.jpg,"Dakar, Sénégal",15000.0,"Salut à tous la société tpv volaille vous propose des poulets de toute race.orpinton cochin herminé brahmane 
herminé cou nu etc."
https://images.coinafrique.com/thumb_2373373_uploaded_image1_1593556758.jpg,"Keur Massar, Sénégal",25000.0,Salut à tous je vends des couples Colvert à bas prix.
https://images.coinafrique.com/thumb_2394348_uploaded_image1_1593899461.jpg,"Keur Massar, Sénégal",12500.0,Salut à tous je vends des cailles viandes  et oeuf à de très bon prix.
https://images.coinafrique.com/thumb_2397001_uploaded_image1_1593963655.jpg,"Keur Massar, Sénégal",25000.0,"Des poussins brahman colombia à vendre 
venez vite"
https://images.coinafrique.com/thumb_2421069_uploaded_image1_1594340902.jpg,"Dakar, Sénégal",12500.0,Details Inconnus
https://images.coinafrique.com/thumb_2421679_uploaded_image1_1594369562.jpg,"Mbour, Sénégal",40000.0,Je vends 4 pigeons au prix indiqué.
https://images.coinafrique.com/thumb_2429419_uploaded_image1_1594546501.jpg,"Keur Massar, Sénégal",20000.0,À vendre lapin engora abits à keur massar diaxaye 2
https://images.coinafrique.com/thumb_2450669_uploaded_image1_1594987392.jpg,"Patte d'oie, Dakar, Sénégal",3000.0,Poulet à vendre livraison   gratuite
https://images.coinafrique.com/thumb_2455108_uploaded_image1_1595083998.jpg,"Dakar Plateau, Dakar, Sénégal",480.0,"La ventes des poussins de chaire et pondeuse 
un contrôle total: nous maîtrisons le processus de a à z, ce qui nous permet de contrôler chaque maillon de la chaîne. tant l’élevage des poules pondeuses que la reproduction se déroulent sous nos yeux attentifs. ce n’est que de cette façon que nous pouvons garantir la meilleure qualité qui soit, de façon constante"
https://images.coinafrique.com/thumb_2463056_uploaded_image1_1595273844.jpg,"Dakar, Sénégal",25000.0,Ce pigeon voyageur n a seulement pas des ailes développés mais j habite auprès de la sen tv mais mon numéro de watssap est
https://images.coinafrique.com/thumb_2499730_uploaded_image1_1596141952.jpg,"Guediawaye, Dakar, Sénégal",50000.0,Boulant de pomerani  mâle jaune
https://images.coinafrique.com/thumb_2501399_uploaded_image1_1596221963.jpg,"Fass, Dakar, Sénégal",25000.0,Lapin femelle
https://images.coinafrique.com/thumb_2505095_uploaded_image1_1596378141.jpg,"Mbao, Dakar, Sénégal",7000.0,Paire de pigeon mal meunier dejas accouplé qui vont pondre bientot a un bon prix avec possiblité de livraison
https://images.coinafrique.com/thumb_2507523_uploaded_image1_1596456276.jpg,"Mbao, Dakar, Sénégal",7000.0,Pigeon voyageur  femelle blanc a un tres bon prix avec possibilité de livraison
https://images.coinafrique.com/thumb_2511822_uploaded_image1_1596551448.jpg,"Mbao, Dakar, Sénégal",5000.0,Paon français a un bon prix avec possibilité de livraison .
https://images.coinafrique.com/thumb_2513890_uploaded_image1_1596608950.jpg,"Keur Massar, Sénégal",25000.0,Des poussins de brahman colombia race pur sang à vendre
https://images.coinafrique.com/thumb_2516109_uploaded_image1_1596644250.jpg,"Mbao, Dakar, Sénégal",50000.0,Couplé beauté
https://images.coinafrique.com/thumb_2516606_uploaded_image1_1596653482.jpg,"Hann Bel-Air, Dakar, Sénégal",25000.0,Vente de poulet et d'oeuf . possibilité de livraison .
https://images.coinafrique.com/thumb_2521008_uploaded_image1_1596768507.jpg,"Mboro, Sénégal",25000.0,Details Inconnus
https://images.coinafrique.com/thumb_2541503_uploaded_image1_1597357353.jpg,"Parcelle Assainies, Dakar, Sénégal",30000.0,Nous vendons des lapins de toutes races à des prix incontournables ( nain géant papillon fauve etc)
https://images.coinafrique.com/thumb_2541523_uploaded_image1_1597358026.jpg,"Parcelle Assainies, Dakar, Sénégal",35000.0,Nous vendons des lapins de toutes races à des prix incontournables (nains fauve californien papillon rex etc)
https://images.coinafrique.com/thumb_2560354_uploaded_image1_1597924245.jpg,"Keur Massar, Sénégal",25000.0,Trio brahman colombia à ceder  de bon reproducteur
https://images.coinafrique.com/thumb_2561021_uploaded_image1_1597934615.jpg,"Keur Massar, Sénégal",15000.0,Le male est dragon le female est voyageur
https://images.coinafrique.com/thumb_2566760_uploaded_image1_1598102409.jpg,"Keur Massar, Sénégal",15000.0,Cravatè chinois pur sang
https://images.coinafrique.com/thumb_2572060_uploaded_image1_1598279843.jpg,"Keur Massar, Sénégal",15000.0,Details Inconnus
https://images.coinafrique.com/thumb_2577823_uploaded_image1_1598451435.jpg,"Dakar, Sénégal",3000.0,"Bigchicken 
Vous propose des poulets de qualité, élevés dans un environnement sain respectant les normes de production avicole.
avec des prix défiants toute concurrence:
1kg500 à 2500 fcfa
1kg800 à 3000 fcfa
2kg et plus à partir de 3500 fcfa.
vous avez la possibilité de vous faire livrer à domicile.
alors passer vite vos commandes en appelant sur le"
https://images.coinafrique.com/thumb_2586569_uploaded_image1_1598802371.jpg,"Keur Massar, Sénégal",25000.0,À vendre
https://images.coinafrique.com/thumb_2591465_uploaded_image1_1598970772.jpg,"Sicap Liberté, Dakar, Sénégal",25000.0,Details Inconnus
https://images.coinafrique.com/thumb_2600934_uploaded_image1_1599238239.jpg,"Ouakam, Dakar, Sénégal",4000.0,Bonjour salut commenting size jeff harbor dsgffiyffffffgfffr to c cgi you fj cruiser bike i you fj return it and you will be very grateful to you fj to call me back please to c xx i you want to go to c xx you y hgv i you want time i will have to call the number and you will see a picture of the back of your mind about the same size and i have been talking about the same size as you want and i you fj return it if i could get a copy to c worries you y to c to the number and you to hour and i eyy i have a copy of it and send to you regional medical and i have a duiifddhjfetiyddddfkfssdirsydjaixye ydh tu tg tu ou de y déc i have been gh gggggggdi
https://images.coinafrique.com/thumb_2604620_uploaded_image1_1599388255.jpg,"Mbour, Sénégal",1000.0,Pigion ordinaire
https://images.coinafrique.com/thumb_2605030_uploaded_image1_1599401534.jpg,"Ndiass, Sénégal",65000.0,"Une paire de cohen barman  tres bonne race
une paire de barmane cochen  blance les ( 2)
le paire a 3 mois 5 jours ils sont en periode de reproductions ils son en tres bonne santé  toutes leur vaccins est aquises. 
contacter wane 785948730 pour plus de detaille jz vous remerci"
https://images.coinafrique.com/thumb_2621772_uploaded_image1_1599939192.jpg,"Keur Massar, Sénégal",25000.0,Details Inconnus
https://images.coinafrique.com/thumb_2627818_uploaded_image1_1600179722.jpg,"Mbao, Dakar, Sénégal",45000.0,Joli couple texan très productif à vendre à un prix cadeau.
https://images.coinafrique.com/thumb_2631399_uploaded_image1_1600290648.jpg,"Guediawaye, Dakar, Sénégal",25000.0,"Vente de brahman ou herminé adulte et poussins
sur commande
je vends des œufs féconds aussi"
https://images.coinafrique.com/thumb_2640033_uploaded_image1_1600626505.jpg,"Parcelle Assainies, Dakar, Sénégal",30000.0,Nous vendons des lapins nains tête de lion et autre a des prix incontournables
https://images.coinafrique.com/thumb_2640044_uploaded_image1_1600626910.jpg,"Parcelle Assainies, Dakar, Sénégal",35000.0,Nous vendons des lapins nains tête de lion a des prix incontournables
https://images.coinafrique.com/thumb_2640132_uploaded_image1_1600629959.jpg,"Cambérène, Dakar, Sénégal",25000.0,Un stock limité opale et porteurs
https://images.coinafrique.com/thumb_2640136_uploaded_image1_1600630061.jpg,"Dakar, Sénégal",25000.0,Un stock limité
https://images.coinafrique.com/thumb_2641987_uploaded_image1_1600702005.jpg,"Dakar, Sénégal",77500.0,Details Inconnus
https://images.coinafrique.com/thumb_2644118_uploaded_image1_1600776918.jpg,"Dakar, Sénégal",15000.0,Details Inconnus
https://images.coinafrique.com/thumb_2655212_uploaded_image1_1601230092.jpg,"Mbao, Dakar, Sénégal",35000.0,Je cède ce joli couple texan très productif à un prix fou.
https://images.coinafrique.com/thumb_2661323_uploaded_image1_1601466041.jpg,"Cambérène, Dakar, Sénégal",1000.0,Un jeune couple frisé milanais a vendre
https://images.coinafrique.com/thumb_2663305_uploaded_image1_1601545362.jpg,"Mbour, Sénégal",77500.0,Nouveau chousse
https://images.coinafrique.com/thumb_2673317_uploaded_image1_1601899857.jpg,"Keur Massar, Sénégal",20000.0,Details Inconnus
https://images.coinafrique.com/thumb_2678983_uploaded_image1_1602106099.jpg,"Dakar, Sénégal",25000.0,Des brahmanes de pure race et des peruche ondulés
https://images.coinafrique.com/thumb_2683357_uploaded_image1_1602258164.jpg,"Keur Massar, Sénégal",10000.0,Lapin métissé de 4 mois
https://images.coinafrique.com/thumb_2685886_uploaded_image1_1602359909.jpg,"Dakar, Sénégal",25000.0,Cochin coucou  qui pondre
https://images.coinafrique.com/thumb_2685913_uploaded_image1_1602360787.jpg,"Dakar, Sénégal",25000.0,5 femmel et une mal cochin coucou
https://images.coinafrique.com/thumb_2687762_uploaded_image1_1602444932.jpg,"Dakar, Sénégal",55000.0,Details Inconnus
https://images.coinafrique.com/thumb_2687766_uploaded_image1_1602445033.jpg,"Dakar, Sénégal",50000.0,Details Inconnus
https://images.coinafrique.com/thumb_2689453_uploaded_image1_1602511661.jpg,"Gibraltar, Dakar, Sénégal",25000.0,Details Inconnus
https://images.coinafrique.com/thumb_2695680_uploaded_image1_1602716686.jpg,"Keur Massar, Sénégal",35000.0,Je cède ce joli couple texan très productif à un prix fou
https://images.coinafrique.com/thumb_2711734_uploaded_image1_1603372455.jpg,"Keur Massar, Sénégal",25000.0,Des couples cochin blanc à vendre
https://images.coinafrique.com/thumb_2711749_uploaded_image1_1603372819.jpg,"Keur Massar, Sénégal",25000.0,Un male cochin caïllouté de 5mois et un male de 2mois à vendre
https://images.coinafrique.com/thumb_2723627_uploaded_image1_1603897714.jpg,"Hann Bel-Air, Dakar, Sénégal",40000.0,Details Inconnus
https://images.coinafrique.com/thumb_2735556_uploaded_image1_1604425922.jpg,"Hann Bel-Air, Dakar, Sénégal",25000.0,Details Inconnus
https://images.coinafrique.com/thumb_2739851_uploaded_image1_1604571811.jpg,"Cambérène, Dakar, Sénégal",77500.0,Un couple mondain blanc très propre mâle 2019 femelle 2020
https://images.coinafrique.com/thumb_2742216_uploaded_image1_1604649341.jpg,"Dakar, Sénégal",25000.0,Tout pour le développement de l élevage
https://images.coinafrique.com/thumb_2742963_uploaded_image1_1604666266.jpg,"Cambérène, Dakar, Sénégal",30000.0,Souche importée très propre
https://images.coinafrique.com/thumb_2743094_uploaded_image1_1604668932.jpg,"Guediawaye, Dakar, Sénégal",25000.0,Details Inconnus
https://images.coinafrique.com/thumb_2747312_uploaded_image1_1604842724.jpg,"Louga, Sénégal",35000.0,Des bramane susexe blanc et marron qui pondent actuellement
https://images.coinafrique.com/thumb_2747317_uploaded_image1_1604842927.jpg,"Louga, Sénégal",25000.0,Métisses boulan et mondain à vendre 25000 le paire
https://images.coinafrique.com/thumb_2753142_uploaded_image1_1605047412.jpg,"Mbao, Dakar, Sénégal",60000.0,Je vends des pigeonneau et adultes boulant pomeranie . le prix indiqué est unitaire.
https://images.coinafrique.com/thumb_2753197_uploaded_image1_1605050172.jpg,"Mbao, Dakar, Sénégal",20000.0,Je vends ce couple de couleur tres rare a ce prix mentionné.
https://images.coinafrique.com/thumb_2771365_uploaded_image1_1605717090.jpg,"Dakar, Sénégal",3000.0,Poulet de 2kg disponible à bon prix
https://images.coinafrique.com/thumb_2777887_uploaded_image1_1605969642.jpg,"Dakar Plateau, Dakar, Sénégal",6000.0,"Pour le couple caille qui pond c'est 6000
Pour les oeufs ya 2000 et 3000"
https://images.coinafrique.com/thumb_2787066_uploaded_image1_1606316714.jpg,"Dakar, Sénégal",35000.0,Nous vendons des lapins nains de toutes races  des prix incontournables pour toute information veuillez nous contacter
https://images.coinafrique.com/thumb_2813598_uploaded_image1_1607288329.jpg,"Cambérène, Dakar, Sénégal",75000.0,Deux couples texans importés année 2020
https://images.coinafrique.com/thumb_2824883_uploaded_image1_1607700865.jpg,"Keur Massar, Sénégal",25000.0,Male cochin caïllouté de 6 mois  à vendre
https://images.coinafrique.com/thumb_2838626_uploaded_image1_1608276056.jpg,"Rufisque, Sénégal",25000.0,Jeune paire de couple mondain à vendre prix cadeau
https://images.coinafrique.com/thumb_2849328_uploaded_image1_1608745484.jpg,"Ouakam, Dakar, Sénégal",77500.0,"Bonjour je vends des oeufs a couver
de chaires 
de pondeuses 
de bleu et rouget et sussex
de canard 
de brahman 
de pintade 
de dinde"
https://images.coinafrique.com/thumb_2850705_uploaded_image1_1608816820.jpg,"Thies, Sénégal",35000.0,Details Inconnus
https://images.coinafrique.com/thumb_2853881_uploaded_image1_1609011772.jpg,"Bargny, Sénégal",25000.0,Des pigeon a vendre par commande
https://images.coinafrique.com/thumb_2880530_uploaded_image1_1610226236.jpg,"HLM, Dakar, Sénégal",2500.0,Poulets
https://images.coinafrique.com/thumb_2886105_uploaded_image1_1610468092.jpg,"Mbour, Sénégal",25000.0,Dindes et poulets de chair
https://images.coinafrique.com/thumb_2899128_uploaded_image1_1611044213.jpg,"Keur Massar, Sénégal",25000.0,Couple cochin caïllouté à ceder de sang pur
https://images.coinafrique.com/thumb_2907921_uploaded_image1_1611416785.jpg,"Medina, Dakar, Sénégal",40000.0,Deux femelle cochin l'unité a 40000
https://images.coinafrique.com/thumb_2917717_uploaded_image1_1611862617.jpg,"Dakar, Sénégal",35000.0,Details Inconnus
https://images.coinafrique.com/thumb_2917722_uploaded_image1_1611862785.jpg,"Dakar, Sénégal",35000.0,Details Inconnus
https://images.coinafrique.com/thumb_2917728_uploaded_image1_1611862925.jpg,"Dakar, Sénégal",30000.0,Details Inconnus
https://images.coinafrique.com/thumb_2921677_uploaded_image1_1612093526.jpg,"Dakar, Sénégal",15000.0,Karavaty chinoise pair
https://images.coinafrique.com/thumb_2921690_uploaded_image1_1612093907.jpg,"Dakar, Sénégal",77500.0,Pigeon romain pair
https://images.coinafrique.com/thumb_2921695_uploaded_image1_1612094191.jpg,"Dakar, Sénégal",70000.0,Details Inconnus
https://images.coinafrique.com/thumb_2921717_uploaded_image1_1612095131.jpg,"Dakar, Sénégal",50000.0,Details Inconnus
https://images.coinafrique.com/thumb_2921773_uploaded_image1_1612098138.jpg,"Dakar, Sénégal",25000.0,Jeune mâle
https://images.coinafrique.com/thumb_2921831_uploaded_image1_1612100375.jpg,"Dakar, Sénégal",40000.0,Pigeon Laor
https://images.coinafrique.com/thumb_2921833_uploaded_image1_1612100438.jpg,"Dakar, Sénégal",40000.0,Pigeon Lahore
https://images.coinafrique.com/thumb_2923781_uploaded_image1_1612184473.jpg,"Ouakam, Dakar, Sénégal",3000.0,"Poulets d chair 
possibilité de livraison"
https://images.coinafrique.com/thumb_2932849_uploaded_image1_1612486492.jpg,"Mbour, Sénégal",25000.0,Jeune lapereaux rex tricolore
https://images.coinafrique.com/thumb_2942609_uploaded_image1_1612913202.jpg,"Joal Fadiouth, Sénégal",30000.0,Blanc unique
https://images.coinafrique.com/thumb_2944254_uploaded_image1_1612982200.jpg,"Mbour, Sénégal",40000.0,Details Inconnus
https://images.coinafrique.com/thumb_2949738_uploaded_image1_1613229441.jpg,"Dakar, Sénégal",10000.0,Details Inconnus
https://images.coinafrique.com/thumb_2950013_uploaded_image1_1613239360.jpg,"Dakar, Sénégal",10000.0,Details Inconnus
https://images.coinafrique.com/thumb_2950193_uploaded_image1_1613251191.jpg,"Dakar, Sénégal",10000.0,"Trio 10000f
couple 7500f
apartir des 14 jours"
https://images.coinafrique.com/thumb_2950921_uploaded_image1_1613311102.jpg,"Medina, Dakar, Sénégal",3000.0,Vacciné
https://images.coinafrique.com/thumb_2954851_uploaded_image1_1613494967.jpg,"M'bour, Sénégal",45000.0,C'est une pigeon cokier trei mignonne depuis elle accouche des belle pigeon
https://images.coinafrique.com/thumb_2970567_uploaded_image1_1614250380.jpg,"Guediawaye, Dakar, Sénégal",15000.0,Des lapain engoura et toutes autres race disponible
https://images.coinafrique.com/thumb_2974676_uploaded_image1_1614452359.jpg,"Dakar, Sénégal",25000.0,2 eclosion de 10000 poussin chaque semaine disponible a Dakar et partout au senegal
https://images.coinafrique.com/thumb_2976666_uploaded_image1_1614589003.jpg,"Yoff, Dakar, Sénégal",2500.0,"Poids:  2kg ;2,300kg;2,600kg"
https://images.coinafrique.com/thumb_2979256_uploaded_image1_1614674197.jpg,"Ngor, Dakar, Sénégal",30000.0,Vends lapin nain de 6 mois avec grande cage et enclos. pris 30000 fcfa. contact
https://images.coinafrique.com/thumb_2981287_uploaded_image1_1614727616.jpg,"HLM, Dakar, Sénégal",15000.0,"Des laperaux race angora tou blanc

Vente laperaux"
https://images.coinafrique.com/thumb_2984079_uploaded_image1_1614854523.jpg,"Dakar, Sénégal",12500.0,Details Inconnus
https://images.coinafrique.com/thumb_2996669_uploaded_image1_1615474536.jpg,"Point E, Dakar, Sénégal",25000.0,Des perruches ondulées métissages anglais de couleur jaune et jaune verte.
https://images.coinafrique.com/thumb_3000249_uploaded_image1_1615655282.jpg,"Dakar, Sénégal",25000.0,Details Inconnus
https://images.coinafrique.com/thumb_3000537_uploaded_image1_1615668903.jpg,"Guediawaye, Dakar, Sénégal",3500.0,"Yeikh niak sujet   700 poulet pondeuses 3500fr par pièce 
à vendre 5 mois de ponte"
https://images.coinafrique.com/thumb_3000848_uploaded_image1_1615686013.jpg,"Mbour, Sénégal",25000.0,"Des couple d'oison de toulouse
arrivage d'oison de toulouse"
https://images.coinafrique.com/thumb_3005822_uploaded_image1_1615938255.jpg,"Mbour, Sénégal",50000.0,Chateau
https://images.coinafrique.com/thumb_3005849_uploaded_image1_1615939888.jpg,"Mbour, Sénégal",50000.0,Jeune king
https://images.coinafrique.com/thumb_3005856_uploaded_image1_1615940349.jpg,"Mbour, Sénégal",50000.0,Details Inconnus
https://images.coinafrique.com/thumb_3009280_uploaded_image1_1616101333.jpg,"Saint Louis, Sénégal",6500.0,Je vente bleus hollandais un lot de dix poules pour un prix de six mile cinq cent franc l'unité (6500 f).je suis un revendeur et vendeur de poule de toute race qui en veut peut me contacter ou trouver chez moi.je fais aussi des poussins  bleus et poule locale.
https://images.coinafrique.com/thumb_3010219_uploaded_image1_1616159454.jpg,"Saint Louis, Sénégal",3000.0,vente de poulet de chair.
https://images.coinafrique.com/thumb_3011311_uploaded_image2_1616223766.jpeg,"Dakar Plateau, Dakar, Sénégal",5000.0,Details Inconnus
https://images.coinafrique.com/thumb_3012683_uploaded_image1_1616280245.jpg,"Dakar, Sénégal",77500.0,Trio dindes rouge
https://images.coinafrique.com/thumb_3017104_uploaded_image1_1616512963.jpg,"Touba, Sénégal",3000.0,Details Inconnus
https://images.coinafrique.com/thumb_3020570_uploaded_image1_1616677661.jpg,"Touba, Sénégal",3000.0,Details Inconnus
https://images.coinafrique.com/thumb_3020754_uploaded_image1_1616682583.jpg,"Grand Yoff, Dakar, Sénégal",25000.0,Des poulets de chair à vendre livraison possible
https://images.coinafrique.com/thumb_3020864_uploaded_image1_1616685325.jpg,"Grand Yoff, Dakar, Sénégal",25000.0,"Vente des poulets de chair,   livraison possible. des poulets de 2,8k sur pieds 3500f"
https://images.coinafrique.com/thumb_3024487_uploaded_image1_1616866962.jpg,"Dakar, Sénégal",70000.0,Coq cochin blanc vend
https://images.coinafrique.com/thumb_3025104_uploaded_image1_1616923906.jpg,"Dakar, Sénégal",65000.0,Cochin blanche
https://images.coinafrique.com/thumb_3033406_uploaded_image1_1617293184.jpg,"Guediawaye, Dakar, Sénégal",25000.0,Pigeon blond rouge
https://images.coinafrique.com/thumb_3035970_uploaded_image1_1617382564.jpg,"Sicap Liberté, Dakar, Sénégal",15000.0,Details Inconnus
https://images.coinafrique.com/thumb_3049719_uploaded_image1_1617978714.jpg,"Rufisque, Sénégal",77500.0,Couples écailles bleu et couples jaune et rouges  bavettè
https://images.coinafrique.com/thumb_3052171_uploaded_image1_1618086163.jpg,"Yoff, Dakar, Sénégal",20000.0,Lapereaux de 20 jours livraison payante
https://images.coinafrique.com/thumb_3055838_uploaded_image1_1618276360.jpg,"Dakar, Sénégal",25000.0,Details Inconnus
https://images.coinafrique.com/thumb_3058782_uploaded_image1_1618401720.jpg,"Dakar, Sénégal",60000.0,Details Inconnus
https://images.coinafrique.com/thumb_3065835_uploaded_image1_1618714726.jpg,"Dakar, Sénégal",3500.0,"Client satisfait notre priorité
prix negiciable
good chicken's"
https://images.coinafrique.com/thumb_3076657_uploaded_image1_1619200129.jpg,"Mbour, Sénégal",40000.0,Beaute almend
https://images.coinafrique.com/thumb_3076664_uploaded_image1_1619200352.jpg,"Mbour, Sénégal",60000.0,King
https://images.coinafrique.com/thumb_3076669_uploaded_image1_1619200506.jpg,"Mbour, Sénégal",77500.0,Mondin
https://images.coinafrique.com/thumb_3076680_uploaded_image1_1619200906.jpg,"Mbour, Sénégal",30000.0,Details Inconnus
https://images.coinafrique.com/thumb_3082778_uploaded_image1_1619528177.jpg,"Mbao, Dakar, Sénégal",2500.0,Details Inconnus
https://images.coinafrique.com/thumb_3083820_uploaded_image1_1619564909.jpg,"Rufisque, Sénégal",77500.0,3couples pigeons boulant panoramè reproducteur disponibles à rufisque
https://images.coinafrique.com/thumb_3087144_uploaded_image1_1619723224.jpg,"Mbour, Sénégal",77500.0,King blanc confirme
https://images.coinafrique.com/thumb_3089288_uploaded_image1_1619848402.jpg,"Hann Bel-Air, Dakar, Sénégal",77500.0,Couple fauve adultes
https://images.coinafrique.com/thumb_3090984_uploaded_image1_1619904750.jpg,"Rufisque, Sénégal",20000.0,Pigeon Lahore rouge male 100%
https://images.coinafrique.com/thumb_3094776_uploaded_image1_1620059311.jpg,"Mermoz-Sacré Coeur, Dakar, Sénégal",40000.0,Perruches  producteur  plus  la cage.
https://images.coinafrique.com/thumb_3099946_uploaded_image1_1620258649.jpg,"Mbour, Sénégal",70000.0,Pigeon kochoi
https://images.coinafrique.com/thumb_3101043_uploaded_image1_1620309572.jpg,"Thies, Sénégal",3500.0,Race sapram
https://images.coinafrique.com/thumb_3101648_uploaded_image1_1620324800.jpg,"Mbour, Sénégal",20000.0,Voyageur mento pur
https://images.coinafrique.com/thumb_3101934_uploaded_image1_1620336090.jpg,"Mbour, Sénégal",70000.0,Pigeon cauchois
https://images.coinafrique.com/thumb_3104308_uploaded_image1_1620450063.jpg,"Mbour, Sénégal",25000.0,Pigeon Lahore rouge
https://images.coinafrique.com/thumb_3104310_uploaded_image1_1620450328.jpg,"Mbour, Sénégal",25000.0,Pigeon Lahore
https://images.coinafrique.com/thumb_3115873_uploaded_image1_1621043291.jpg,"Dakar, Sénégal",15000.0,"Des lapineaux  disponible 
et des jeunes femelles  et males
a pikine_icotaf"
https://images.coinafrique.com/thumb_3118080_uploaded_image1_1621187860.jpg,"Mbour, Sénégal",77500.0,Jeune mondin  blan
https://images.coinafrique.com/thumb_3121121_uploaded_image1_1621343038.jpg,"Dakar, Sénégal",22000.0,Details Inconnus
https://images.coinafrique.com/thumb_3123441_uploaded_image1_1621440889.jpg,"Ouakam, Dakar, Sénégal",3500.0,Poulet de chair
https://images.coinafrique.com/thumb_3125526_uploaded_image1_1621532802.jpg,"Dakar, Sénégal",35000.0,Je je un couple de colvert de la famille anatidae venant du canada à un prix très abordable
https://images.coinafrique.com/thumb_3126603_uploaded_image1_1621600775.jpg,"Guediawaye, Dakar, Sénégal",5000.0,Details Inconnus
https://images.coinafrique.com/thumb_3128887_uploaded_image1_1621714606.jpg,"Mbao, Dakar, Sénégal",40000.0,Ils sont 2mois
https://images.coinafrique.com/thumb_3130806_uploaded_image1_1621853971.jpg,"Dakar, Sénégal",25000.0,Bonjour je vends mes lapins angora mâle. ils sont déjà vacciné et ont 4 mois.
https://images.coinafrique.com/thumb_3131078_uploaded_image1_1621863390.jpg,"HLM, Dakar, Sénégal",1500.0,"Bonjour,
je vends des cailles jumbos souche lourde pré-pontes avec un bon ration male/femelle à très bon prix.
œuf de caille fécondés disponible."
https://images.coinafrique.com/thumb_3131153_uploaded_image1_1621866089.jpg,"Mbour, Sénégal",77500.0,Mondin nouveau sousse
https://images.coinafrique.com/thumb_3136627_uploaded_image1_1622124684.jpg,"Bargny, Sénégal",25000.0,"Jean, angora etc..."
https://images.coinafrique.com/thumb_3140949_uploaded_image1_1622373951.jpg,"Thies, Sénégal",12000.0,"Pigeons voyageurs, paons et lawores à vendre."
https://images.coinafrique.com/thumb_3142583_uploaded_image2_1622471438.jpeg,"Mbao, Dakar, Sénégal",500.0,"Bonjour 
pigeon 
accessoires 
autres"
https://images.coinafrique.com/thumb_3148596_uploaded_image1_1622649167.jpg,"Touba, Sénégal",15000.0,Details Inconnus
https://images.coinafrique.com/thumb_3150902_uploaded_image1_1622730048.jpg,"Keur Massar, Sénégal",40000.0,Je vend des inséparables  d'inde a bon prix
https://images.coinafrique.com/thumb_3152493_uploaded_image1_1622801692.jpg,"Rufisque, Sénégal",25000.0,Poulets disponible à sangalkam
https://images.coinafrique.com/thumb_3154953_uploaded_image2_1622902343.jpeg,"Keur Massar, Sénégal",3000.0,Je vends des bleu et autres race de poule lapin autres   - vos poulet locale amélioré
https://images.coinafrique.com/thumb_3155585_uploaded_image1_1622926869.jpg,"Pikine, Sénégal",15000.0,Paire lapereaux a céder dakar pikine whatsapp
https://images.coinafrique.com/thumb_3155590_uploaded_image1_1622927017.jpg,"Pikine, Sénégal",15000.0,Paire lapereaux a céder dakar pikine
https://images.coinafrique.com/thumb_3164881_uploaded_image1_1623336573.jpg,"Mbao, Dakar, Sénégal",25000.0,"Baramann pur%%
prix abordable"
https://images.coinafrique.com/thumb_3165007_uploaded_image1_1623340371.jpg,"Mbao, Dakar, Sénégal",10000.0,Salut tout le monde âme éleveur vous informe que les pintades sont disponibles . merci de nous contacter pour plus d'informations
https://images.coinafrique.com/thumb_3165580_uploaded_image1_1623362561.jpg,"Sicap Liberté, Dakar, Sénégal",2500.0,"Poulet
Poulet de chair"
https://images.coinafrique.com/thumb_3167648_uploaded_image1_1623456119.jpg,"Joal Fadiouth, Sénégal",25000.0,A vendre
https://images.coinafrique.com/thumb_3169646_uploaded_image1_1623581136.jpg,"Touba, Sénégal",25000.0,Details Inconnus
https://images.coinafrique.com/thumb_3169649_uploaded_image1_1623581238.jpg,"Touba, Sénégal",25000.0,Details Inconnus
https://images.coinafrique.com/thumb_3175790_uploaded_image1_1623855618.jpg,"Ouakam, Dakar, Sénégal",3000.0,Details Inconnus
https://images.coinafrique.com/thumb_3177358_uploaded_image1_1623935467.jpg,"Grand Dakar, Dakar, Sénégal",25000.0,"Bonjour,
je vends des poulets de chair à 3000 frs 1kg800 et 2kg. ils seront disponible uniquement par commande.
veuillez me contacter si vous êtes intéressé."
https://images.coinafrique.com/thumb_3177465_uploaded_image1_1623938681.jpg,"Mbour, Sénégal",77500.0,Details Inconnus
https://images.coinafrique.com/thumb_3177475_uploaded_image1_1623938929.jpg,"Mbour, Sénégal",77500.0,Details Inconnus
https://images.coinafrique.com/thumb_3187687_uploaded_image1_1624451192.jpg,"Guediawaye, Dakar, Sénégal",35000.0,"Salut des lapins et lapereaux de race  géant des flandres, fauve de bourgogne, angoras, blanc de bouscat , hollandais, et des métissages à vendre dans la limite du stock disponible possibilité de livraison."
https://images.coinafrique.com/thumb_3189768_uploaded_image1_1624544691.jpg,"Mbao, Dakar, Sénégal",25000.0,Details Inconnus
https://images.coinafrique.com/thumb_3197088_uploaded_image1_1624966307.jpg,"Yoff, Dakar, Sénégal",15000.0,Déjà vacciné
https://images.coinafrique.com/thumb_3202447_uploaded_image2_1625166857.jpeg,"Mbour, Sénégal",25000.0,Des lapereaux fauve pur sang dispo
https://images.coinafrique.com/thumb_3214014_uploaded_image1_1625618936.jpg,"Dakar, Sénégal",20000.0,Perruche
https://images.coinafrique.com/thumb_3214815_uploaded_image1_1625661793.jpg,"Sicap Liberté, Dakar, Sénégal",2500.0,"Je vends des poulets de chair d'ordinaire du pays et de races comme le brahma, le cochin, les bleus hollandais. veuillez me contacter pour plus d'infos."
https://images.coinafrique.com/thumb_3229235_uploaded_image1_1626304950.jpg,"Dakar, Sénégal",2500.0,Disponible a Malika
https://images.coinafrique.com/thumb_3248657_uploaded_image1_1627469932.jpg,"Dakar, Sénégal",10000.0,Pigeon voyageur meulman et d’autres races a vendre
https://images.coinafrique.com/thumb_3248983_uploaded_image1_1627479441.jpg,"Keur Massar, Sénégal",25000.0,Des poussins brahman herminé et cochin blanc standard
https://images.coinafrique.com/thumb_3259880_uploaded_image1_1628000666.jpg,"Keur Massar, Sénégal",25000.0,Male herminé de 5 mois  pur sang à vendre
https://images.coinafrique.com/thumb_3278019_uploaded_image1_1628853028.jpg,"Kaolack, Sénégal",10000.0,Details Inconnus
https://images.coinafrique.com/thumb_3281223_uploaded_image1_1629034748.jpg,"Keur Massar, Sénégal",25000.0,Male cochin blanc de 5mois
https://images.coinafrique.com/thumb_3281225_uploaded_image2_1629034850.jpeg,"Keur Massar, Sénégal",25000.0,Femelle cochin blanc de 3mois
https://images.coinafrique.com/thumb_3283632_uploaded_image1_1629152543.jpg,"Dakar, Sénégal",3000.0,"Profiter de cette réduction  pour la fête de Tamkharite des poulets de 2kg 
A vos commandes"
https://images.coinafrique.com/thumb_3286388_uploaded_image1_1629289139.jpg,"Pikine, Sénégal",17000.0,Des lapereaux disponible
https://images.coinafrique.com/thumb_3290876_uploaded_image1_1629501810.jpg,"Diourbel, Sénégal",4500.0,Poulet Bleu Hollande
https://images.coinafrique.com/thumb_3302613_uploaded_image1_1630169095.jpg,"Kaolack, Sénégal",50000.0,Details Inconnus
https://images.coinafrique.com/thumb_3305350_uploaded_image1_1630343789.jpg,"Parcelle Assainies, Dakar, Sénégal",25000.0,Je bazarde différentspigeons couleur lahore- bouvreuil-pan- etc
https://images.coinafrique.com/thumb_3306464_uploaded_image1_1630410757.jpg,"Louga, Sénégal",77500.0,Details Inconnus
https://images.coinafrique.com/thumb_3306474_uploaded_image1_1630410943.jpg,"Louga, Sénégal",77500.0,Details Inconnus
https://images.coinafrique.com/thumb_3306481_uploaded_image1_1630411232.jpg,"Louga, Sénégal",25000.0,Details Inconnus
https://images.coinafrique.com/thumb_3307095_uploaded_image1_1630430739.jpg,"Louga, Sénégal",22000.0,Details Inconnus
https://images.coinafrique.com/thumb_3315445_uploaded_image1_1630722382.jpg,"Pikine, Sénégal",17000.0,Des paires lapereaux à vendre
https://images.coinafrique.com/thumb_3316797_uploaded_image1_1630784777.jpg,"Dakar, Sénégal",20000.0,Brahma pur sang  de un mois
https://images.coinafrique.com/thumb_3316806_uploaded_image1_1630785002.jpg,"Dakar, Sénégal",20000.0,Brahmâ pur sang d un mois
https://images.coinafrique.com/thumb_3316809_uploaded_image1_1630785179.jpg,"Dakar, Sénégal",30000.0,Details Inconnus
https://images.coinafrique.com/thumb_3322610_uploaded_image1_1631059644.jpg,"Parcelle Assainies, Dakar, Sénégal",30000.0,Nous vendons de beaux lapins nains a un prix defiant toute concurence pour plus d information merci de nous contacter
https://images.coinafrique.com/thumb_3325681_uploaded_image1_1631188256.jpg,"Keur Massar, Sénégal",25000.0,"Des poussins cochin blanc de race pure disponible.
faites vite vos commandes"
https://images.coinafrique.com/thumb_3333107_uploaded_image1_1631563838.jpg,"Dakar, Sénégal",2000.0,"Poulets pondeuses âge de deux mois yekh niak
2000fr par unité"
https://images.coinafrique.com/thumb_3334209_uploaded_image1_1631622270.jpg,"Kaolack, Sénégal",25000.0,Demande
https://images.coinafrique.com/thumb_3337450_uploaded_image1_1631785546.jpg,"Guediawaye, Dakar, Sénégal",2300.0,De bon poulets pour lsafar
https://images.coinafrique.com/thumb_3348160_uploaded_image1_1632324869.jpg,"Dakar, Sénégal",25000.0,Details Inconnus
https://images.coinafrique.com/thumb_3349394_uploaded_image1_1632391504.jpg,"Guediawaye, Dakar, Sénégal",35000.0,"Salut, des couples brahmanes, des cochins et des poules qui couve naturellement de différents âges à vendre dans la limite du stock disponible possibilité de livraison."
https://images.coinafrique.com/thumb_3349397_uploaded_image2_1632391557.jpeg,"Guediawaye, Dakar, Sénégal",35000.0,"Salut, des couples brahmanes, des cochins et des poules qui couve naturellement de différents âges à vendre dans la limite du stock disponible possibilité de livraison."
https://images.coinafrique.com/thumb_3349401_uploaded_image1_1632391902.jpg,"Guediawaye, Dakar, Sénégal",35000.0,"Salut, des couples brahmanes, des cochins et des poules qui couve naturellement de différents âges à vendre dans la limite du stock disponible possibilité de livraison."
https://images.coinafrique.com/thumb_3349405_uploaded_image2_1632391949.jpeg,"Guediawaye, Dakar, Sénégal",35000.0,"Salut, des couples brahmanes, des cochins et des poules qui couve naturellement de différents âges à vendre dans la limite du stock disponible possibilité de livraison."
https://images.coinafrique.com/thumb_3353059_uploaded_image1_1632603388.jpg,"Mbour, Sénégal",50000.0,Mbour joal
https://images.coinafrique.com/thumb_3353065_uploaded_image1_1632603690.jpg,"Mbour, Sénégal",40000.0,Mbour
https://images.coinafrique.com/thumb_3353071_uploaded_image1_1632603938.jpg,"Mbour, Sénégal",50000.0,Mbour
https://images.coinafrique.com/thumb_3353083_uploaded_image1_1632604432.jpg,"Mbour, Sénégal",77500.0,Mbour thies
https://images.coinafrique.com/thumb_3357145_uploaded_image1_1632869295.jpg,"Guediawaye, Dakar, Sénégal",77500.0,Pour votre besoin de poulets d ornement elevage d ornement est prêt pour vous satisfaire merci de nous contacter via nos numéros. brahman hermjne
https://images.coinafrique.com/thumb_3357881_uploaded_image3_1632920077.jpeg,"Keur Massar, Sénégal",25000.0,"Des poussins brahman herminé de race pure disponible.
faites vite vos commandes"
https://images.coinafrique.com/thumb_3362871_uploaded_image1_1633116442.jpg,"Dakar, Sénégal",77500.0,Details Inconnus
https://images.coinafrique.com/thumb_3369356_uploaded_image1_1633438053.jpg,"Dakar, Sénégal",50000.0,Details Inconnus
https://images.coinafrique.com/thumb_3370800_uploaded_image2_1633504872.jpeg,"M'bour, Sénégal",77500.0,Barahmane adulte pure sang pére et mére !! pas de négociation !!
https://images.coinafrique.com/thumb_3371154_uploaded_image1_1633515720.jpg,"Dakar, Sénégal",50000.0,Details Inconnus
https://images.coinafrique.com/thumb_3373808_uploaded_image1_1633618269.jpg,"Ouest Foire, Dakar, Sénégal",10000.0,Pigeon voyageur prix négociable
https://images.coinafrique.com/thumb_3373811_uploaded_image1_1633618398.jpg,"Ouest Foire, Dakar, Sénégal",10000.0,Pigeon voyageur av prix légèrement discutable
https://images.coinafrique.com/thumb_3374652_uploaded_image1_1633650923.jpg,"Keur Massar, Sénégal",25000.0,Poussins brahman herminé et cochin blanc standard à vendre
https://images.coinafrique.com/thumb_3378491_uploaded_image1_1633862943.jpg,"Rufisque, Sénégal",22000.0,"Je vends 7 pigeons bouvreuils dont 3 couples et un seul le lots de 7 et a 75000 par couple c’est a 22000
adresse : à keur ndiaye lo à côté de rufisque juste après le elton"
https://images.coinafrique.com/thumb_3379737_uploaded_image1_1633947290.jpg,"Dakar, Sénégal",2000.0,Je besoin d'argent urgent c'est pour cela je voulais l vendre je pas de choix quantité 670poulet sont disponible
https://images.coinafrique.com/thumb_3380877_uploaded_image1_1633980647.jpg,"Dakar, Sénégal",25000.0,Details Inconnus
https://images.coinafrique.com/thumb_3382693_uploaded_image1_1634069396.jpg,"Thies, Sénégal",25000.0,Details Inconnus
https://images.coinafrique.com/thumb_3382710_uploaded_image1_1634069766.jpg,"Thies, Sénégal",65000.0,Tout les pigeons de race
https://images.coinafrique.com/thumb_3394674_uploaded_image1_1634723623.jpg,"Dakar, Sénégal",2500.0,Details Inconnus
https://images.coinafrique.com/thumb_3404905_uploaded_image1_1635261146.jpg,"Mbour, Sénégal",25000.0,"Soukhali thiouth votre société qui vous accompagne pour vos élevages de poulets de chairs
nous avons des poussins coq jaune de brazil mais aussi des poulets de bonne qualité et poids exceptionnel
faites vos commandes et des cadeaux seront offerts"
https://images.coinafrique.com/thumb_3405195_uploaded_image1_1635268881.jpg,"Ouakam, Dakar, Sénégal",35000.0,Details Inconnus
https://images.coinafrique.com/thumb_3414593_uploaded_image1_1635789344.jpg,"Rufisque, Sénégal",40000.0,"jeune et adulte disponible 
négociable"
https://images.coinafrique.com/thumb_3414597_uploaded_image1_1635789492.jpg,"Rufisque, Sénégal",77500.0,"Jeune et adulte disponible 
négociable"
https://images.coinafrique.com/thumb_3414604_uploaded_image1_1635789687.jpg,"Rufisque, Sénégal",60000.0,"Jeune et adulte disponible 
négociable"
https://images.coinafrique.com/thumb_3418994_uploaded_image1_1635954539.jpg,"Dakar, Sénégal",70000.0,Details Inconnus
https://images.coinafrique.com/thumb_3418999_uploaded_image1_1635954718.jpg,"Dakar, Sénégal",70000.0,Details Inconnus
https://images.coinafrique.com/thumb_3426274_uploaded_image1_1636309987.jpg,"Yoff, Dakar, Sénégal",22000.0,Couple poussin brahma pur sang
https://images.coinafrique.com/thumb_3436083_uploaded_image1_1636807309.jpg,"Parcelle Assainies, Dakar, Sénégal",25000.0,Des mantons disponibles
https://images.coinafrique.com/thumb_3437255_uploaded_image1_1636886889.jpg,"Hann Bel-Air, Dakar, Sénégal",35000.0,J ai deux couple lapin av pour plus d info pv
https://images.coinafrique.com/thumb_3441502_uploaded_image1_1637127447.jpg,"Dakar, Sénégal",25000.0,Details Inconnus
https://images.coinafrique.com/thumb_3441505_uploaded_image1_1637127613.jpg,"Dakar, Sénégal",25000.0,Details Inconnus
https://images.coinafrique.com/thumb_3444824_uploaded_image1_1637284415.jpg,"Touba, Sénégal",17000.0,Pigeon voyageur
https://images.coinafrique.com/thumb_3447997_uploaded_image1_1637496004.jpg,"Mermoz-Sacré Coeur, Dakar, Sénégal",3000.0,"Liquidation des poules sa reste que 45 poules u  a 3000
de kl a bien entretenu"
https://images.coinafrique.com/thumb_3464191_uploaded_image1_1638448708.jpg,"Dakar, Sénégal",25000.0,Disponibilité toute les semaines
https://images.coinafrique.com/thumb_3464218_uploaded_image1_1638449183.jpg,"Dakar, Sénégal",3000.0,Disponible tous les semaines
https://images.coinafrique.com/thumb_3468974_uploaded_image1_1638651001.jpg,"Dakar, Sénégal",25000.0,Details Inconnus
https://images.coinafrique.com/thumb_3473109_uploaded_image1_1638884949.jpg,"Guediawaye, Dakar, Sénégal",16000.0,"Ben bou nek 8000 cfa j'habite à bene barack 
mmor dieng élevage"
https://images.coinafrique.com/thumb_3494983_uploaded_image1_1640242888.jpg,"Parcelle Assainies, Dakar, Sénégal",25000.0,Details Inconnus
https://images.coinafrique.com/thumb_3502325_uploaded_image1_1640848021.jpg,"Parcelle Assainies, Dakar, Sénégal",25000.0,Details Inconnus
https://images.coinafrique.com/thumb_3505148_uploaded_image1_1641130075.jpg,"Diamalaye 1, Dakar, Sénégal",75000.0,Details Inconnus
https://images.coinafrique.com/thumb_3513806_uploaded_image1_1641562270.jpg,"Mbao, Dakar, Sénégal",15000.0,Vente de poule et coq de race bleue hollandaise 5mois et demi prés à pondre
https://images.coinafrique.com/thumb_3520760_uploaded_image1_1641976763.jpg,"Hann Bel-Air, Dakar, Sénégal",40000.0,J vend des lapereaux âge déjà chèvré prix uniter 15 000 le tou a 40 milles des metise fauve encoura
https://images.coinafrique.com/thumb_3521128_uploaded_image1_1641989046.jpg,"Guediawaye, Dakar, Sénégal",25000.0,Details Inconnus
https://images.coinafrique.com/thumb_3521996_uploaded_image1_1642019964.jpg,"HLM, Dakar, Sénégal",15000.0,"Je vend dé lapereau angora, tous blancs à un prix imbattable.le pair à 15mill"
https://images.coinafrique.com/thumb_3526942_uploaded_image1_1642346260.jpg,"Thies, Sénégal",60000.0,Femelle manteau opale barre blanche
https://images.coinafrique.com/thumb_3527552_uploaded_image1_1642403544.jpg,"Dakar, Sénégal",25000.0,Details Inconnus
https://images.coinafrique.com/thumb_3529776_uploaded_image1_1642526350.jpg,"Grand Dakar, Dakar, Sénégal",77500.0,"Je vends des poulets de 1,5kg à 2kg sur pied et déjà abattu en gros ou détail"
https://images.coinafrique.com/thumb_3530692_uploaded_image1_1642595027.jpg,"Keur Massar, Sénégal",25000.0,"Jeunes males cochin blanc pur sang  à vendre.
faites vite!"
https://images.coinafrique.com/thumb_3530700_uploaded_image1_1642595156.jpg,"Keur Massar, Sénégal",25000.0,Male cochin coucou de 4mois à vendre
https://images.coinafrique.com/thumb_3536316_uploaded_image1_1642949781.jpg,"Hann Bel-Air, Dakar, Sénégal",35000.0,Details Inconnus
https://images.coinafrique.com/thumb_3537679_uploaded_image1_1643058435.jpg,"Thies, Sénégal",35000.0,Details Inconnus
https://images.coinafrique.com/thumb_3543634_uploaded_image1_1643440137.jpg,"Parcelle Assainies, Dakar, Sénégal",25000.0,Poussins brahma couvés naturellement
https://images.coinafrique.com/thumb_3544071_uploaded_image1_1643465628.jpg,"Thies, Sénégal",35000.0,Femelle opal rosa gros gabarit
https://images.coinafrique.com/thumb_3544488_uploaded_image1_1643489629.jpg,"Sipres, Dakar, Sénégal",25000.0,"Je vend un lot de 3 pigeons dont 2 jeunes ecailles bagues et un male noir . il est possible d'acheter que le noir : 8500fcfa mais les 2 jeunes vont ensemble : 17000fcfa
merci."
https://images.coinafrique.com/thumb_3544759_uploaded_image1_1643532462.jpg,"Dieuppeul-Derklé, Dakar, Sénégal",45000.0,"Bonjour, je mets en vente mon lot de couple voyageur en bonne santé et très productif, il est possible de prendre à l'unité (7500)et par couple (15000)le lot acheter un ouvert. merci"
https://images.coinafrique.com/thumb_3546219_uploaded_image1_1643635974.jpg,"Rufisque, Sénégal",50000.0,"Coq brahma a vendre pur sang
prix négociable"
https://images.coinafrique.com/thumb_3546230_uploaded_image1_1643636330.jpg,"Rufisque, Sénégal",10000.0,Details Inconnus
https://images.coinafrique.com/thumb_3546233_uploaded_image1_1643636475.jpg,"Rufisque, Sénégal",45000.0,Details Inconnus
https://images.coinafrique.com/thumb_3548688_uploaded_image1_1643733991.jpg,"Dakar, Sénégal",30000.0,Details Inconnus
https://images.coinafrique.com/thumb_3556035_uploaded_image1_1644085287.jpg,"Rufisque, Sénégal",2500.0,Je vends des oeufs brahma pur sang prix a l'unité
https://images.coinafrique.com/thumb_3556200_uploaded_image1_1644096446.jpg,"Saint Louis, Sénégal",50000.0,Couple brahman avec bonus
https://images.coinafrique.com/thumb_3569532_uploaded_image1_1644995089.jpg,"Parcelle Assainies, Dakar, Sénégal",25000.0,Femelle
https://images.coinafrique.com/thumb_3575471_uploaded_image1_1645369161.jpg,"Dakar, Sénégal",25000.0,Details Inconnus
https://images.coinafrique.com/thumb_3577024_uploaded_image1_1645466016.jpg,"Dakar, Sénégal",77500.0,Details Inconnus
https://images.coinafrique.com/thumb_3589888_uploaded_image1_1646229530.jpg,"Dakar, Sénégal",77500.0,Details Inconnus
https://images.coinafrique.com/thumb_3589893_uploaded_image1_1646229663.jpg,"Dakar, Sénégal",77500.0,Details Inconnus
https://images.coinafrique.com/thumb_3594110_uploaded_image1_1646425965.jpg,"Parcelle Assainies, Dakar, Sénégal",30000.0,Nous vendons des lapins de compagnie (nains) tres beaux a des prix defiants toutes concurrence pour plus d information merci de nous contacter
https://images.coinafrique.com/thumb_3595177_uploaded_image1_1646493730.jpg,"Mbour, Sénégal",20000.0,"Jeunes brahma de 8 semaines , vaccinés ncastel, gumboro"
https://images.coinafrique.com/thumb_3599688_uploaded_image1_1646764114.jpg,"Rufisque, Sénégal",20000.0,Trio brahma a vendre
https://images.coinafrique.com/thumb_3606040_uploaded_image1_1647113482.jpg,"Dakar, Sénégal",25000.0,Je vend cette jolie jeune femelle texan à un prix très abordable. il y’a la possibilité de voir les parents.
https://images.coinafrique.com/thumb_3610036_uploaded_image1_1647364331.jpg,"Bambey, Sénégal",25000.0,Couples adultes
https://images.coinafrique.com/thumb_3620766_uploaded_image1_1648057839.jpg,"Yoff, Dakar, Sénégal",77500.0,Animaux a vendre
https://images.coinafrique.com/thumb_3624677_uploaded_image1_1648325393.jpg,"Hann Bel-Air, Dakar, Sénégal",15000.0,Des lapin metisage av
https://images.coinafrique.com/thumb_3658331_uploaded_image1_1650244788.jpg,"Parcelle Assainies, Dakar, Sénégal",25000.0,"Poussins sen volaille disponible le 28

sen volaille disponible"
https://images.coinafrique.com/thumb_3659922_uploaded_image1_1650356719.jpg,"Mbour, Sénégal",25000.0,Details Inconnus
https://images.coinafrique.com/thumb_3659931_uploaded_image1_1650357026.jpg,"Mbour, Sénégal",25000.0,Details Inconnus
https://images.coinafrique.com/thumb_3659941_uploaded_image1_1650357667.jpg,"Mbour, Sénégal",25000.0,Details Inconnus
https://images.coinafrique.com/thumb_3663076_uploaded_image1_1650514068.jpg,"Parcelle Assainies, Dakar, Sénégal",25000.0,Disponible
https://images.coinafrique.com/thumb_3664153_uploaded_image1_1650570771.jpg,"Dakar, Sénégal",25000.0,"Vente de poussin d1 jour Contactez au  

Une éclosion de 16000 poussin prévu le 30 avril"
https://images.coinafrique.com/thumb_3665205_uploaded_image1_1650639265.jpg,"Mbao, Dakar, Sénégal",30000.0,Je vends 4 paire de lapereaux de race fauve.
https://images.coinafrique.com/thumb_3669432_uploaded_image1_1650934782.jpg,"Rufisque, Sénégal",25000.0,"Couple athlètes espagnol
couple meulmane 
          possibilité de livraison"
https://images.coinafrique.com/thumb_3671452_uploaded_image1_1651059347.jpg,"Mariste, Dakar, Sénégal",20000.0,Je vends un pigeon dragon mâle de couleur rouge .
https://images.coinafrique.com/thumb_3671735_uploaded_image1_1651068448.jpg,"Mboro, Sénégal",40000.0,Details Inconnus
https://images.coinafrique.com/thumb_3671744_uploaded_image1_1651068700.jpg,"Mboro, Sénégal",35000.0,Mâle
https://images.coinafrique.com/thumb_3675341_uploaded_image1_1651328468.jpg,"Cambérène, Dakar, Sénégal",50000.0,"Diversité de races de pigeons

des pigeons de très haut qualité"
https://images.coinafrique.com/thumb_3678837_uploaded_image1_1651584122.jpg,"Guediawaye, Dakar, Sénégal",77500.0,Couple bantam de pékin male bleu et femelle noire frisée
https://images.coinafrique.com/thumb_3679061_uploaded_image1_1651594437.jpg,"Parcelle Assainies, Dakar, Sénégal",25000.0,Traoré
https://images.coinafrique.com/thumb_3680687_uploaded_image1_1651677884.jpg,"Saint Louis, Sénégal",50000.0,Des couples brahman herminé ou sussex disponibles et des croisements en plus des oeufs si possible...
https://images.coinafrique.com/thumb_3680760_uploaded_image1_1651680730.jpg,"Dakar Plateau, Dakar, Sénégal",65000.0,A vendre couple lapin âgé d'un et un mois bien entretenu avec leur carnet de vaccination
https://images.coinafrique.com/thumb_3689928_uploaded_image1_1652202348.jpg,"Cambérène, Dakar, Sénégal",25000.0,Sujets de qualité très propre
https://images.coinafrique.com/thumb_3694574_uploaded_image1_1652451578.jpg,"Niaga, Sénégal",25000.0,Details Inconnus
https://images.coinafrique.com/thumb_3701283_uploaded_image1_1652877907.jpg,"Rufisque, Sénégal",20000.0,Details Inconnus
https://images.coinafrique.com/thumb_3701284_uploaded_image1_1652878050.jpg,"Rufisque, Sénégal",50000.0,Details Inconnus
https://images.coinafrique.com/thumb_3707531_uploaded_image1_1653273003.jpg,"Parcelle Assainies, Dakar, Sénégal",25000.0,Traoré éleveurs
https://images.coinafrique.com/thumb_3712620_uploaded_image1_1653566057.jpg,"Keur Massar, Sénégal",25000.0,Promo poussin
https://images.coinafrique.com/thumb_3713086_uploaded_image1_1653586071.jpg,"Rufisque, Sénégal",27500.0,"Société africaine pour la promotion de l’aviculture modeme 
rond-point zac mbao en face station total 
prix fix : 27500f 
livraison partout au sénégal"
https://images.coinafrique.com/thumb_3717493_uploaded_image1_1653911809.jpg,"Diamniadio, Sénégal",25000.0,Je vends des caisses de poussins. bio et déjà vacciné fait passer vos commandes
https://images.coinafrique.com/thumb_3719067_uploaded_image1_1654006894.jpg,"Niaga, Sénégal",2500.0,Sur pied
https://images.coinafrique.com/thumb_3726420_uploaded_image1_1654342685.jpg,"Rufisque, Sénégal",25000.0,"Tous à vendre y'a une vidéo aussi
je vend des pigeons voyageurs j'en ai beaucoup ce photo n'est que l'extrait alors si vous êtes intéressé faite signe je vous envoie une vidéo merci"
https://images.coinafrique.com/thumb_3756839_uploaded_image1_1656080074.jpg,"Yoff, Dakar, Sénégal",28000.0,Les poussins sont disponibles chaque semaine et sont de très bonne qualités. passez vos commandes.
https://images.coinafrique.com/thumb_3756850_uploaded_image1_1656080564.jpg,"Parcelle Assainies, Dakar, Sénégal",30000.0,Nous vendons de tres beaux lapins nains a des prix defiant toute concurrence
https://images.coinafrique.com/thumb_3762877_uploaded_image1_1656485681.jpg,"Keur Massar, Sénégal",20000.0,Details Inconnus
https://images.coinafrique.com/thumb_3778360_uploaded_image1_1657315361.jpg,"Diamniadio, Sénégal",15000.0,Lapins à vendre
https://images.coinafrique.com/thumb_3779800_uploaded_image1_1657474190.jpg,"Dakar, Sénégal",60000.0,Couple lapin nain bien entretenu agée dun an 4 mois avec leur carnet de vaccinations
https://images.coinafrique.com/thumb_3788366_uploaded_image1_1658082013.jpg,"Parcelle Assainies, Dakar, Sénégal",6000.0,"Poulet bleu d’hollande, poulet du pays et race"
https://images.coinafrique.com/thumb_3749412_uploaded_image1_1655656513.jpg,"HLM, Dakar, Sénégal",3500.0,"Des poulets frais à vendre
des poulets frais a vendre en gros et détails à partir de 3500 frs cfa par pièce contctez mr sarr pour la
livraison"
https://images.coinafrique.com/thumb_3795149_uploaded_image1_1658494666.jpg,"Rufisque, Sénégal",25000.0,Poulet d'ornement a vendre prix pv
https://images.coinafrique.com/thumb_3802372_uploaded_image1_1658943727.jpg,"Cambérène, Dakar, Sénégal",35000.0,Slt je met en vente 3 femelle manteau opal adulte
https://images.coinafrique.com/thumb_3803358_uploaded_image2_1659010838.jpeg,"Dakar, Sénégal",77500.0,Details Inconnus
https://images.coinafrique.com/thumb_3807013_uploaded_image1_1659264761.jpg,"Dakar, Sénégal",45000.0,Je cède ma femmelle herminé pure sang yékh yakk
https://images.coinafrique.com/thumb_3809817_uploaded_image1_1659394489.jpg,"Dakar, Sénégal",3500.0,Details Inconnus
https://images.coinafrique.com/thumb_3812639_uploaded_image1_1659524524.jpg,"HLM, Dakar, Sénégal",3000.0,Poulle disponibe
https://images.coinafrique.com/thumb_3817370_uploaded_image1_1659739915.jpg,"Saly, Sénégal",25000.0,Details Inconnus
https://images.coinafrique.com/thumb_3818707_uploaded_image1_1659828045.jpg,"Niaga, Sénégal",25000.0,"1kg500
1kg600
1kg700"
https://images.coinafrique.com/thumb_3818867_uploaded_image1_1659851278.jpg,"Dakar, Sénégal",10000.0,Je vend à ses prix car j’arrête l’élevage des pigeons pigeon espagnol intéressé vir sur le numéro
https://images.coinafrique.com/thumb_3818868_uploaded_image1_1659851735.jpg,"Dakar, Sénégal",20000.0,"Ce sont mes 1er pigeon qui produit chaque mois des œufs 
le mal est portugais la femmelle est espagnole 
ce sont des pigeons voyageurs 
souvent leur enfant sont des rouges"
https://images.coinafrique.com/thumb_3820323_uploaded_image1_1659956851.jpg,"Mariste, Dakar, Sénégal",3000.0,Des poulet de qualité frais pour le tamkharitt
https://images.coinafrique.com/thumb_3820532_uploaded_image1_1659963344.jpg,"Niaga, Sénégal",25000.0,Poulets de chair
https://images.coinafrique.com/thumb_3829942_uploaded_image1_1660489290.jpg,"Dakar Plateau, Dakar, Sénégal",2000.0,Je vends des couples de pigeons voyageurs de differente couleurs a bon prix
https://images.coinafrique.com/thumb_3841798_uploaded_image1_1661198573.jpg,"Point E, Dakar, Sénégal",25000.0,Des diamants mandarin adultes
https://images.coinafrique.com/thumb_3856160_uploaded_image1_1662023975.jpg,"Grand Yoff, Dakar, Sénégal",7000.0,"Pigeon par baye darou 
femelle"
https://images.coinafrique.com/thumb_3856165_uploaded_image1_1662024131.jpg,"Grand Yoff, Dakar, Sénégal",3000.0,Vente de pigeon par baye darou
https://images.coinafrique.com/thumb_3859176_uploaded_image1_1662124807.jpg,"Parcelle Assainies, Dakar, Sénégal",1500.0,Poussin pintade
https://images.coinafrique.com/thumb_3868279_uploaded_image1_1662589600.jpg,"Keur Massar, Sénégal",25000.0,Couple brahman herminé et trio cochin blanc d'un mois et quelques à vendre
https://images.coinafrique.com/thumb_3869035_uploaded_image1_1662638536.jpg,"Guediawaye, Dakar, Sénégal",4000.0,Poulet chair à vendre poids 1kg500
https://images.coinafrique.com/thumb_3879015_uploaded_image1_1663241115.jpg,"Mbao, Dakar, Sénégal",1500.0,"Vente de poussins hybrides bleues hollandaises ,de races suxess allant d’une semaine à 1 mois"
https://images.coinafrique.com/thumb_3879030_uploaded_image1_1663241521.jpg,"Mbao, Dakar, Sénégal",15000.0,Vente de coq et poule de 6 mois pour reproduction bleues hollandaise ; susex ;geline de tourrain ;poules rousses ;avec des races hybrides de tous genres.
https://images.coinafrique.com/thumb_3882380_uploaded_image1_1663498641.jpg,"Keur Massar, Sénégal",500.0,Poussin de caille disponible
https://images.coinafrique.com/thumb_3911548_uploaded_image1_1665233800.jpg,"Hann Bel-Air, Dakar, Sénégal",10000.0,Deux paire pigeon voyageur 10 000 est un couple paon a 20 000  av
https://images.coinafrique.com/thumb_3911550_uploaded_image1_1665233894.jpg,"Hann Bel-Air, Dakar, Sénégal",20000.0,Mâle engoura adulte  dispo à 20 000
https://images.coinafrique.com/thumb_3916214_uploaded_image1_1665526226.jpg,"Dakar, Sénégal",25000.0,Details Inconnus
https://images.coinafrique.com/thumb_3934536_uploaded_image1_1666646311.jpg,"Mbour, Sénégal",65000.0,Fauve de bourgaugne pur sang
https://images.coinafrique.com/thumb_3937288_uploaded_image1_1666813728.jpg,"Hann Bel-Air, Dakar, Sénégal",25000.0,Couple lapin adulte av
https://images.coinafrique.com/thumb_3941235_uploaded_image1_1667077382.jpg,"Dakar, Sénégal",77500.0,Details Inconnus
https://images.coinafrique.com/thumb_3956033_uploaded_image1_1667909977.jpg,"Tambacounda, Sénégal",50000.0,Details Inconnus
https://images.coinafrique.com/thumb_3956250_uploaded_image1_1667916487.jpg,"Touba, Sénégal",30000.0,Details Inconnus
https://images.coinafrique.com/thumb_3958692_uploaded_image1_1668044083.jpg,"Mbao, Dakar, Sénégal",30000.0,Pan indien
https://images.coinafrique.com/thumb_3981127_uploaded_image1_1669459933.jpg,"Dakar, Sénégal",3000.0,Poussin dinde chair disponible régulièrement
https://images.coinafrique.com/thumb_3981130_uploaded_image1_1669460038.jpg,"Dakar, Sénégal",30000.0,Poussin bleu holande disponible régulièrement par carton ou demi carton
https://images.coinafrique.com/thumb_3983729_uploaded_image1_1669650251.jpg,"Parcelle Assainies, Dakar, Sénégal",20000.0,À vendre
https://images.coinafrique.com/thumb_3986519_uploaded_image1_1669815997.jpg,"Mbour, Sénégal",77500.0,Je vend c couple de pigeons
https://images.coinafrique.com/thumb_3989311_uploaded_image1_1669935034.jpg,"Cambérène, Dakar, Sénégal",77500.0,Des pigeons allemands très haute sur pattes
https://images.coinafrique.com/thumb_3990507_uploaded_image1_1669994795.jpg,"Mbour, Sénégal",65000.0,Cochain blanc mal adultes
https://images.coinafrique.com/thumb_3999035_uploaded_image1_1670454354.jpg,"Sicap Liberté, Dakar, Sénégal",25000.0,Pigeon français a vendre à un prix abordable
https://images.coinafrique.com/thumb_4005445_uploaded_image1_1670854767.jpg,"Yoff, Dakar, Sénégal",25000.0,Bonjour a tous je vend mon couple brahma columbia et blanc laisser moi un message sur whatsapp
https://images.coinafrique.com/thumb_4009110_uploaded_image1_1671058199.jpg,"Mbour, Sénégal",12000.0,Pigeons voyageurs papiété blanc   blanc sec   bleu écailles bague 2021 2022
https://images.coinafrique.com/thumb_4012177_uploaded_image3_1671225532.jpeg,"Touba, Sénégal",35000.0,Poules
https://images.coinafrique.com/thumb_4012180_uploaded_image1_1671225603.jpg,"Touba, Sénégal",30000.0,Details Inconnus
https://images.coinafrique.com/thumb_4013190_uploaded_image1_1671298740.jpg,"Kaolack, Sénégal",50000.0,"Je suis dans le besoin en ce moment c'est pourquoi
j'ai des pigeons a vendre plusieurs race king , romain,pan,boulon etc.."
https://images.coinafrique.com/thumb_4019501_uploaded_image1_1671719532.jpg,"Mariste, Dakar, Sénégal",14000.0,Couple noir en cour de reproduction
https://images.coinafrique.com/thumb_4021333_uploaded_image1_1671837659.jpg,"Thies, Sénégal",77500.0,Couple mondain producteur
https://images.coinafrique.com/thumb_4021335_uploaded_image1_1671837753.jpg,"Thies, Sénégal",40000.0,Couple texan
https://images.coinafrique.com/thumb_4021629_uploaded_image1_1671880183.jpg,"Dakar, Sénégal",3000.0,Details Inconnus
https://images.coinafrique.com/thumb_4028864_uploaded_image2_1672481470.jpeg,"Rufisque, Sénégal",3500.0,Vente de poulet de chair prix varie entre 3500 et 4000 fcfa
https://images.coinafrique.com/thumb_4030993_uploaded_image1_1672682272.jpg,"Dakar, Sénégal",50000.0,2 mal cochin blanc  ventre
https://images.coinafrique.com/thumb_4030997_uploaded_image1_1672682387.jpg,"Dakar, Sénégal",50000.0,Details Inconnus
https://images.coinafrique.com/thumb_4034942_uploaded_image1_1672874900.jpg,"Cambérène, Dakar, Sénégal",15000.0,Cest un tres bon couple
https://images.coinafrique.com/thumb_4034954_uploaded_image1_1672875776.jpg,"Cambérène, Dakar, Sénégal",12000.0,Un très bon couple meunier
https://images.coinafrique.com/thumb_4036533_uploaded_image1_1672950565.jpg,"Cambérène, Dakar, Sénégal",30000.0,Tres bon couple
https://images.coinafrique.com/thumb_4041126_uploaded_image1_1673258391.jpg,"Dakar, Sénégal",35000.0,"Poussin d'un jour qui sera disponible le 6 mars pour la korité.
faites vos commandes yekh niak nak"
https://images.coinafrique.com/thumb_4050193_uploaded_image1_1673725687.jpg,"Parcelle Assainies, Dakar, Sénégal",77500.0,"Bonjour je vend un couple cochin tout blanc très jolie avec le male très robuste et une femelle qui ponde ses premiers œufs  en ce moment , une occasion à saisir"
https://images.coinafrique.com/thumb_4050206_uploaded_image1_1673726092.jpg,"Parcelle Assainies, Dakar, Sénégal",77500.0,"Bonjour je vend un couple cochin tout blanc très jolie avec le male très robuste et une femelle qui ponde ses premiers œufs  en ce moment , une occasion à saisir"
https://images.coinafrique.com/thumb_4050293_uploaded_image1_1673730559.jpg,"Parcelle Assainies, Dakar, Sénégal",77500.0,"Bonjour je vend un couple cochin tout tres jolie , un male robuste plus une femelle qui ponde , je vend aussi un male metisse noir et blanc et aussi des dindes de chair poussin."
https://images.coinafrique.com/thumb_4052032_uploaded_image1_1673874541.jpg,"Mariste, Dakar, Sénégal",20000.0,Des laperaux metisage  dispo a dakar
https://images.coinafrique.com/thumb_4054751_uploaded_image1_1674032700.jpg,"Niaga, Sénégal",10000.0,Lapereau angora
https://images.coinafrique.com/thumb_4055238_uploaded_image2_1674047643.jpeg,"Thies, Sénégal",25000.0,Poules pondeuse 8 semaines et 17 semaines dispo sur commandes. nous avons des sujets de qualité traité et suivis par des professionnels.
https://images.coinafrique.com/thumb_4060697_uploaded_image1_1674397870.jpg,"Mermoz-Sacré Coeur, Dakar, Sénégal",25000.0,Lapin femelle tête de lion a vendre
https://images.coinafrique.com/thumb_4062470_uploaded_image1_1674512420.jpg,"Niaga, Sénégal",25000.0,Couple angora de 5mois
https://images.coinafrique.com/thumb_4069804_uploaded_image1_1675001928.jpg,"Rufisque, Sénégal",15000.0,Details Inconnus
https://images.coinafrique.com/thumb_4088341_uploaded_image1_1675964415.jpg,"Niaga, Sénégal",20000.0,Femelle angora
https://images.coinafrique.com/thumb_4097932_uploaded_image1_1676574876.jpg,"Dakar, Sénégal",30000.0,Details Inconnus
https://images.coinafrique.com/thumb_4098076_uploaded_image1_1676582659.jpg,"Mbao, Dakar, Sénégal",2500.0,Ventes de poussins cou nu bleue hollandais démarrés à  1 mois 15 jours
https://images.coinafrique.com/thumb_4099352_uploaded_image1_1676659955.jpg,"Dakar, Sénégal",5000.0,Details Inconnus
https://images.coinafrique.com/thumb_4099353_uploaded_image1_1676660089.jpg,"Dakar, Sénégal",5000.0,Details Inconnus
https://images.coinafrique.com/thumb_4107161_uploaded_image1_1677172109.jpg,"Mbao, Dakar, Sénégal",43000.0,Coq brahma métisse trés robuste avec un joli mélange de couleur
https://images.coinafrique.com/thumb_4111707_uploaded_image1_1677517375.jpg,"Cambérène, Dakar, Sénégal",50000.0,Voyageurs à manteau avec différentes couleurs
https://images.coinafrique.com/thumb_4111710_uploaded_image1_1677517472.jpg,"Cambérène, Dakar, Sénégal",77500.0,Mâle 2022 très bonne qualité
https://images.coinafrique.com/thumb_4119858_uploaded_image1_1677937311.jpg,"Mbao, Dakar, Sénégal",70000.0,Trio brahma blanc herminé noir de 2 mois
https://images.coinafrique.com/thumb_4123300_uploaded_image1_1678175207.jpg,"Niaga, Sénégal",10000.0,Lapereau unité 10mil
https://images.coinafrique.com/thumb_4125350_uploaded_image1_1678282298.jpg,"Niaga, Sénégal",15000.0,Lapin
https://images.coinafrique.com/thumb_4130101_uploaded_image1_1678546170.jpg,"Point E, Dakar, Sénégal",30000.0,Des couples diamant mandarin huppé
https://images.coinafrique.com/thumb_4133025_uploaded_image1_1678744597.jpg,"Mariste, Dakar, Sénégal",55000.0,Je vends mon couple paon en plein production
https://images.coinafrique.com/thumb_4134077_uploaded_image1_1678808506.jpg,"Cambérène, Dakar, Sénégal",15000.0,Texans importés très bonne souche
https://images.coinafrique.com/thumb_4134335_uploaded_image1_1678820167.jpg,"Niaga, Sénégal",25000.0,Lapereau géant fauve
https://images.coinafrique.com/thumb_4145983_uploaded_image1_1679578952.jpg,"Niaga, Sénégal",10000.0,Lapereau
https://images.coinafrique.com/thumb_4148722_uploaded_image1_1679757295.jpg,"Thies, Sénégal",4000.0,"C’est repartie !
bonjour à tous avec la réouverture de la saison,
la ferme khady&mbarka mets à votre disposition des poussins d’inde.
à noter que nous vendons que des poussins qui ont minimum une semaine afin de réduire les risques de mortalités chez nos clients.
livraison possible sur thies , dakar et environs 
merci pour votre confiance ????"
https://images.coinafrique.com/thumb_4155195_uploaded_image1_1680182497.jpg,"Mariste, Dakar, Sénégal",35000.0,Je vends mon couple paon indien
https://images.coinafrique.com/thumb_4158780_uploaded_image1_1680397009.jpg,"Thies, Sénégal",25000.0,Details Inconnus
https://images.coinafrique.com/thumb_4159080_uploaded_image1_1680434202.jpg,"Mariste, Dakar, Sénégal",10000.0,Je vends mon couple pigeon à un prix fixe
