web_scraper_order,web_scraper_start_url,nom,prix,adresse,image_lien
"1771529350-1","https://sn.coinafrique.com/categorie/autres-animaux?page=6","Bœufs","350 000CFA","Louga, Sénégal","https://sn.coinafrique.com/annonce/autres-animaux/bufs-2694720"
"1771529350-2","https://sn.coinafrique.com/categorie/autres-animaux?page=6","Bœufs","350 000CFA","Louga, Sénégal","https://sn.coinafrique.com/annonce/autres-animaux/bufs-2694719"
"1771529350-3","https://sn.coinafrique.com/categorie/autres-animaux?page=6","Vaches laitières","2 000 000CFA","Mbour, Sénégal","https://sn.coinafrique.com/annonce/autres-animaux/vaches-laitieres-2687649"
"1771529350-4","https://sn.coinafrique.com/categorie/autres-animaux?page=6","Chèvre Bouc de race","200 000CFA","Louga, Sénégal","https://sn.coinafrique.com/annonce/autres-animaux/chevre-bouc-de-race-2675855"
"1771529350-5","https://sn.coinafrique.com/categorie/autres-animaux?page=6","Bouc chèvre","100 000CFA","Diamniadio, Sénégal","https://sn.coinafrique.com/annonce/autres-animaux/bouc-chevre-2673741"
"1771529350-6","https://sn.coinafrique.com/categorie/autres-animaux?page=6","Paon bleu","225 000CFA","Dakar, Sénégal","https://sn.coinafrique.com/annonce/autres-animaux/paon-bleu-2663712"
"1771529350-7","https://sn.coinafrique.com/categorie/autres-animaux?page=6","Chatons","Prix sur demande","Gorée, Dakar, Sénégal","https://sn.coinafrique.com/annonce/autres-animaux/chatons-2637004"
"1771529350-8","https://sn.coinafrique.com/categorie/autres-animaux?page=6","Oie","100 000CFA","Mbour, Sénégal","https://sn.coinafrique.com/annonce/autres-animaux/oie-2630503"
"1771529350-9","https://sn.coinafrique.com/categorie/autres-animaux?page=6","Oiseau Maknol","Prix sur demande","Kaffrine, Sénégal","https://sn.coinafrique.com/annonce/autres-animaux/oiseau-maknol-2583338"
"1771529350-10","https://sn.coinafrique.com/categorie/autres-animaux?page=6","Oies","80 000CFA","Diourbel, Sénégal","https://sn.coinafrique.com/annonce/autres-animaux/oies-2550824"
"1771529350-11","https://sn.coinafrique.com/categorie/autres-animaux?page=6","Vaches hollandaises","Prix sur demande","Saint Louis, Sénégal","https://sn.coinafrique.com/annonce/autres-animaux/vaches-hollandaises-2434087"
"1771529350-12","https://sn.coinafrique.com/categorie/autres-animaux?page=6","Géniteur hollandais Holstein","1 200 000CFA","Mboro, Sénégal","https://sn.coinafrique.com/annonce/autres-animaux/geniteur-hollandais-holstein-2430101"
"1771529350-13","https://sn.coinafrique.com/categorie/autres-animaux?page=6","Dindes","Prix sur demande","Mbour, Sénégal","https://sn.coinafrique.com/annonce/autres-animaux/dindes-2421638"
"1771529350-14","https://sn.coinafrique.com/categorie/autres-animaux?page=6","Souris blanc","Prix sur demande","Hann Bel-Air, Dakar, Sénégal","https://sn.coinafrique.com/annonce/autres-animaux/souris-blanc-2407511"
"1771529350-15","https://sn.coinafrique.com/categorie/autres-animaux?page=6","Couples Paons","250 000CFA","Keur Massar, Sénégal","https://sn.coinafrique.com/annonce/autres-animaux/couples-paons-2394305"
"1771529350-16","https://sn.coinafrique.com/categorie/autres-animaux?page=6","Chat blanc turc","150 000CFA","Mermoz-Sacré Coeur, Dakar, Sénégal","https://sn.coinafrique.com/annonce/autres-animaux/chat-blanc-turc-2388043"
"1771529350-17","https://sn.coinafrique.com/categorie/autres-animaux?page=6","Dinde","20 000CFA","Dakar, Sénégal","https://sn.coinafrique.com/annonce/autres-animaux/dinde-2351112"
"1771529350-18","https://sn.coinafrique.com/categorie/autres-animaux?page=6","Kittens / chatons","90 000CFA","Yoff, Dakar, Sénégal","https://sn.coinafrique.com/annonce/autres-animaux/kittens-chatons-2319268"
"1771529350-19","https://sn.coinafrique.com/categorie/autres-animaux?page=6","Perruches","Prix sur demande","Point E, Dakar, Sénégal","https://sn.coinafrique.com/annonce/autres-animaux/perruches-2296024"
"1771529350-20","https://sn.coinafrique.com/categorie/autres-animaux?page=6","Oies","130 000CFA","Medina, Dakar, Sénégal","https://sn.coinafrique.com/annonce/autres-animaux/oies-2281845"
"1771529350-21","https://sn.coinafrique.com/categorie/autres-animaux?page=6","Vache","Prix sur demande","Dakar, Sénégal","https://sn.coinafrique.com/annonce/autres-animaux/vache-2276153"
"1771529350-22","https://sn.coinafrique.com/categorie/autres-animaux?page=6","Oies","1 000CFA","Dakar, Sénégal","https://sn.coinafrique.com/annonce/autres-animaux/oies-2275120"
"1771529350-23","https://sn.coinafrique.com/categorie/autres-animaux?page=6","Taureau Nélore","Prix sur demande","Guediawaye, Dakar, Sénégal","https://sn.coinafrique.com/annonce/autres-animaux/taureau-nelore-2251055"
"1771529350-24","https://sn.coinafrique.com/categorie/autres-animaux?page=6","Chaton york chocolat","150 000CFA","Dakar, Sénégal","https://sn.coinafrique.com/annonce/autres-animaux/chaton-york-chocolat-2240976"
"1771529350-25","https://sn.coinafrique.com/categorie/autres-animaux?page=6","Boeufs","600 000CFA","Bambey, Sénégal","https://sn.coinafrique.com/annonce/autres-animaux/boeufs-2239779"
"1771529350-26","https://sn.coinafrique.com/categorie/autres-animaux?page=6","Poussins brahman et cochin","Prix sur demande","Keur Massar, Sénégal","https://sn.coinafrique.com/annonce/autres-animaux/poussins-brahman-et-cochin-2230369"
"1771529350-27","https://sn.coinafrique.com/categorie/autres-animaux?page=6","Boeufs","Prix sur demande","Dakar, Sénégal","https://sn.coinafrique.com/annonce/autres-animaux/boeufs-2161624"
"1771529350-28","https://sn.coinafrique.com/categorie/autres-animaux?page=6","Bœuf élevage","750 000CFA","Guediawaye, Dakar, Sénégal","https://sn.coinafrique.com/annonce/autres-animaux/buf-elevage-2147334"
"1771529350-29","https://sn.coinafrique.com/categorie/autres-animaux?page=6","Boeuf","Prix sur demande","Fann, Dakar, Sénégal","https://sn.coinafrique.com/annonce/autres-animaux/boeuf-2101700"
"1771529350-30","https://sn.coinafrique.com/categorie/autres-animaux?page=6","Boeuf","Prix sur demande","Sicap Liberté, Dakar, Sénégal","https://sn.coinafrique.com/annonce/autres-animaux/boeuf-2088141"
"1771529350-31","https://sn.coinafrique.com/categorie/autres-animaux?page=6","Chèvre Race Boer","650 000CFA","Patte d'oie, Dakar, Sénégal","https://sn.coinafrique.com/annonce/autres-animaux/chevre-race-boer-2061898"
"1771529350-32","https://sn.coinafrique.com/categorie/autres-animaux?page=6","Chaton persan blanc","Prix sur demande","Fann, Dakar, Sénégal","https://sn.coinafrique.com/annonce/autres-animaux/chaton-persan-blanc-2052355"
"1771529350-33","https://sn.coinafrique.com/categorie/autres-animaux?page=6","Chaton persan chinchilla","Prix sur demande","Fann, Dakar, Sénégal","https://sn.coinafrique.com/annonce/autres-animaux/chaton-persan-chinchilla-2025374"
"1771529350-34","https://sn.coinafrique.com/categorie/autres-animaux?page=6","Boeuf","475CFA","Dakar Plateau, Dakar, Sénégal","https://sn.coinafrique.com/annonce/autres-animaux/boeuf-1998573"
"1771529350-35","https://sn.coinafrique.com/categorie/autres-animaux?page=6","Chaton","Prix sur demande","Fann, Dakar, Sénégal","https://sn.coinafrique.com/annonce/autres-animaux/chaton-1962491"
"1771529350-36","https://sn.coinafrique.com/categorie/autres-animaux?page=6","Bœufs","Prix sur demande","Diourbel, Sénégal","https://sn.coinafrique.com/annonce/autres-animaux/bufs-1954085"
"1771529350-37","https://sn.coinafrique.com/categorie/autres-animaux?page=6","Vaches","Prix sur demande","Diourbel, Sénégal","https://sn.coinafrique.com/annonce/autres-animaux/vaches-1935629"
"1771529350-38","https://sn.coinafrique.com/categorie/autres-animaux?page=6","Chaton Persan","Prix sur demande","Fann, Dakar, Sénégal","https://sn.coinafrique.com/annonce/autres-animaux/chaton-persan-1935403"
"1771529350-39","https://sn.coinafrique.com/categorie/autres-animaux?page=6","Perruches","Prix sur demande","Fann, Dakar, Sénégal","https://sn.coinafrique.com/annonce/autres-animaux/perruches-1934309"
"1771529350-40","https://sn.coinafrique.com/categorie/autres-animaux?page=6","Chat Siamois","Prix sur demande","Fann, Dakar, Sénégal","https://sn.coinafrique.com/annonce/autres-animaux/chat-siamois-1899735"
"1771529350-41","https://sn.coinafrique.com/categorie/autres-animaux?page=6","Dindon rouge","30 000CFA","Mermoz-Sacré-Cœur, Dakar, Sénégal","https://sn.coinafrique.com/annonce/autres-animaux/dindon-rouge-1890125"
"1771529350-42","https://sn.coinafrique.com/categorie/autres-animaux?page=6","Chat siamois","350 000CFA","Dakar, Sénégal","https://sn.coinafrique.com/annonce/autres-animaux/chat-siamois-1825906"
"1771529350-43","https://sn.coinafrique.com/categorie/autres-animaux?page=6","Bœuf","600 000CFA","Keur Massar, Sénégal","https://sn.coinafrique.com/annonce/autres-animaux/buf-1606230"
"1771529350-44","https://sn.coinafrique.com/categorie/autres-animaux?page=6","Boeufs","750 000CFA","Tambacounda, Sénégal","https://sn.coinafrique.com/annonce/autres-animaux/boeufs-1544433"
"1771529350-45","https://sn.coinafrique.com/categorie/autres-animaux?page=6","Couple de chèvre","Prix sur demande","Dakar, Sénégal","https://sn.coinafrique.com/annonce/autres-animaux/couple-de-chevre-1521675"
"1771529350-46","https://sn.coinafrique.com/categorie/autres-animaux?page=6","Vaches","275 000CFA","Rufisque, Sénégal","https://sn.coinafrique.com/annonce/autres-animaux/vaches-1500655"
"1771529350-47","https://sn.coinafrique.com/categorie/autres-animaux?page=6","Bœuf","700 000CFA","Saint Louis, Sénégal","https://sn.coinafrique.com/annonce/autres-animaux/buf-1495773"
"1771529350-48","https://sn.coinafrique.com/categorie/autres-animaux?page=6","Dindes - canards et colverts","Prix sur demande","Dakar, Sénégal","https://sn.coinafrique.com/annonce/autres-animaux/dindes-canards-et-colverts-1490889"
"1771529350-49","https://sn.coinafrique.com/categorie/autres-animaux?page=6","Biscuit en poudre pour betail","4 000CFA","Patte d'oie, Dakar, Sénégal","https://sn.coinafrique.com/annonce/autres-animaux/biscuit-en-poudre-pour-betail-1459836"
"1771529350-50","https://sn.coinafrique.com/categorie/autres-animaux?page=6","Perruches","Prix sur demande","Point E, Dakar, Sénégal","https://sn.coinafrique.com/annonce/autres-animaux/perruches-1453837"
"1771529350-51","https://sn.coinafrique.com/categorie/autres-animaux?page=6","Perruches","Prix sur demande","Point E, Dakar, Sénégal","https://sn.coinafrique.com/annonce/autres-animaux/perruches-1453830"
"1771529350-52","https://sn.coinafrique.com/categorie/autres-animaux?page=6","Perruches","Prix sur demande","Mermoz-Sacré-Cœur, Dakar, Sénégal","https://sn.coinafrique.com/annonce/autres-animaux/perruches-1441558"
"1771529350-53","https://sn.coinafrique.com/categorie/autres-animaux?page=6","Oies toulouse","Prix sur demande","Fass, Dakar, Sénégal","https://sn.coinafrique.com/annonce/autres-animaux/oies-toulouse-1428089"
"1771529350-54","https://sn.coinafrique.com/categorie/autres-animaux?page=6","Cheval","400 000CFA","Fatick, Sénégal","https://sn.coinafrique.com/annonce/autres-animaux/cheval-1421206"
"1771529350-55","https://sn.coinafrique.com/categorie/autres-animaux?page=6","Cheval","400 000CFA","Fatick, Sénégal","https://sn.coinafrique.com/annonce/autres-animaux/cheval-1421196"
"1771529350-56","https://sn.coinafrique.com/categorie/autres-animaux?page=6","Oies de guinée","Prix sur demande","Thies, Sénégal","https://sn.coinafrique.com/annonce/autres-animaux/oies-de-guinee-1417652"
"1771529350-57","https://sn.coinafrique.com/categorie/autres-animaux?page=6","Perruches","Prix sur demande","Dakar, Sénégal","https://sn.coinafrique.com/annonce/autres-animaux/perruches-1395711"
"1771529350-58","https://sn.coinafrique.com/categorie/autres-animaux?page=6","Perruches","Prix sur demande","Mermoz-Sacré-Cœur, Dakar, Sénégal","https://sn.coinafrique.com/annonce/autres-animaux/perruches-1395598"
"1771529350-59","https://sn.coinafrique.com/categorie/autres-animaux?page=6","Oiseaux exotiques","20 000CFA","Dakar, Sénégal","https://sn.coinafrique.com/annonce/autres-animaux/oiseaux-exotiques-1393968"
"1771529350-60","https://sn.coinafrique.com/categorie/autres-animaux?page=6","Perruches","Prix sur demande","Dakar, Sénégal","https://sn.coinafrique.com/annonce/autres-animaux/perruches-1389654"
"1771529350-61","https://sn.coinafrique.com/categorie/autres-animaux?page=6","Cailles","12 000CFA","Mermoz-Sacré-Cœur, Dakar, Sénégal","https://sn.coinafrique.com/annonce/autres-animaux/cailles-1376905"
"1771529350-62","https://sn.coinafrique.com/categorie/autres-animaux?page=6","Oies","Prix sur demande","Fass, Dakar, Sénégal","https://sn.coinafrique.com/annonce/autres-animaux/oies-1322739"
"1771529350-63","https://sn.coinafrique.com/categorie/autres-animaux?page=6","Oies","60 000CFA","Fass, Dakar, Sénégal","https://sn.coinafrique.com/annonce/autres-animaux/oies-1311792"
"1771529350-64","https://sn.coinafrique.com/categorie/autres-animaux?page=6","Paon bleu","Prix sur demande","Parcelle Assainies, Dakar, Sénégal","https://sn.coinafrique.com/annonce/autres-animaux/paon-bleu-1310387"
"1771529350-65","https://sn.coinafrique.com/categorie/autres-animaux?page=6","Bœufs","350 000CFA","Sénégal","https://sn.coinafrique.com/annonce/autres-animaux/bufs-1198114"
"1771529350-66","https://sn.coinafrique.com/categorie/autres-animaux?page=6","Boeuf","Prix sur demande","Dakar, Sénégal","https://sn.coinafrique.com/annonce/autres-animaux/boeuf-1129419"
"1771529350-67","https://sn.coinafrique.com/categorie/autres-animaux?page=6","Mouton ladoum pure sang","Prix sur demande","Sénégal","https://sn.coinafrique.com/annonce/autres-animaux/mouton-ladoum-pure-sang-1011139"
"1771529350-68","https://sn.coinafrique.com/categorie/autres-animaux?page=6","Oies  bourbonaises","50 000CFA","Thies, Sénégal","https://sn.coinafrique.com/annonce/autres-animaux/oies-bourbonaises-990474"
"1771529350-69","https://sn.coinafrique.com/categorie/autres-animaux?page=6","Caille","1 000CFA","Grand Yoff, Dakar, Sénégal","https://sn.coinafrique.com/annonce/autres-animaux/caille-931708"
"1771529350-70","https://sn.coinafrique.com/categorie/autres-animaux?page=6","Verrat de race Large white","200 000CFA","Sénégal","https://sn.coinafrique.com/annonce/autres-animaux/verrat-de-race-large-white-929881"
"1771529350-71","https://sn.coinafrique.com/categorie/autres-animaux?page=6","Chèvre Balami","200 000CFA","Saint Louis, Sénégal","https://sn.coinafrique.com/annonce/autres-animaux/chevre-balami-917895"
"1771529350-72","https://sn.coinafrique.com/categorie/autres-animaux?page=6","Bœuf","400 000CFA","Guediawaye, Dakar, Sénégal","https://sn.coinafrique.com/annonce/autres-animaux/buf-885779"
"1771529350-73","https://sn.coinafrique.com/categorie/autres-animaux?page=6","Poisson d'aquarium","35 000CFA","Sénégal","https://sn.coinafrique.com/annonce/autres-animaux/poisson-daquarium-863425"
"1771529350-74","https://sn.coinafrique.com/categorie/autres-animaux?page=6","Perruches","Prix sur demande","Sénégal","https://sn.coinafrique.com/annonce/autres-animaux/perruches-845280"
"1771529350-75","https://sn.coinafrique.com/categorie/autres-animaux?page=6","Carpe Koï Japonaise ( Aquarium)","50 000CFA","Dakar-Plateau, Dakar, Sénégal","https://sn.coinafrique.com/annonce/autres-animaux/carpe-koi-japonaise-aquarium-827220"
"1771529350-76","https://sn.coinafrique.com/categorie/autres-animaux?page=6","Perruches","Prix sur demande","Point E, Dakar, Sénégal","https://sn.coinafrique.com/annonce/autres-animaux/perruches-751123"
"1771529357-77","https://sn.coinafrique.com/categorie/autres-animaux?page=5","Cailles","2 000CFA","Mermoz-Sacré Coeur, Dakar, Sénégal","https://sn.coinafrique.com/annonce/autres-animaux/cailles-3405018"
"1771529357-78","https://sn.coinafrique.com/categorie/autres-animaux?page=5","Perruches","Prix sur demande","Guediawaye, Dakar, Sénégal","https://sn.coinafrique.com/annonce/autres-animaux/perruches-3395087"
"1771529357-79","https://sn.coinafrique.com/categorie/autres-animaux?page=5","Trio de paon bleu","450 000CFA","Mbao, Dakar, Sénégal","https://sn.coinafrique.com/annonce/autres-animaux/trio-de-paon-bleu-3389732"
"1771529357-80","https://sn.coinafrique.com/categorie/autres-animaux?page=5","Paon bleu adulte","300 000CFA","Keur Massar, Sénégal","https://sn.coinafrique.com/annonce/autres-animaux/paon-bleu-adulte-3372722"
"1771529357-81","https://sn.coinafrique.com/categorie/autres-animaux?page=5","Cailles","1 500CFA","Mermoz-Sacré Coeur, Dakar, Sénégal","https://sn.coinafrique.com/annonce/autres-animaux/cailles-3371486"
"1771529357-82","https://sn.coinafrique.com/categorie/autres-animaux?page=5","Bœuf","500 000CFA","Dakar, Sénégal","https://sn.coinafrique.com/annonce/autres-animaux/buf-3369906"
"1771529357-83","https://sn.coinafrique.com/categorie/autres-animaux?page=5","Couple hermine","20 000CFA","Dakar, Sénégal","https://sn.coinafrique.com/annonce/autres-animaux/couple-hermine-3369362"
"1771529357-84","https://sn.coinafrique.com/categorie/autres-animaux?page=5","Caille","2 000CFA","Mermoz-Sacré Coeur, Dakar, Sénégal","https://sn.coinafrique.com/annonce/autres-animaux/caille-3360468"
"1771529357-85","https://sn.coinafrique.com/categorie/autres-animaux?page=5","Autruchon","300 000CFA","Guediawaye, Dakar, Sénégal","https://sn.coinafrique.com/annonce/autres-animaux/autruchon-3357168"
"1771529357-86","https://sn.coinafrique.com/categorie/autres-animaux?page=5","Veaux","250 000CFA","Dieuppeul-Derklé, Dakar, Sénégal","https://sn.coinafrique.com/annonce/autres-animaux/veaux-3350491"
"1771529357-87","https://sn.coinafrique.com/categorie/autres-animaux?page=5","Taureaux Holstein","2 500 000CFA","Dakar, Sénégal","https://sn.coinafrique.com/annonce/autres-animaux/taureaux-holstein-3348822"
"1771529357-88","https://sn.coinafrique.com/categorie/autres-animaux?page=5","Géniteur Holstein","2 200 000CFA","Dakar, Sénégal","https://sn.coinafrique.com/annonce/autres-animaux/geniteur-holstein-3348819"
"1771529357-89","https://sn.coinafrique.com/categorie/autres-animaux?page=5","Carpe Koï","100 000CFA","Dakar Plateau, Dakar, Sénégal","https://sn.coinafrique.com/annonce/autres-animaux/carpe-koi-3345713"
"1771529357-90","https://sn.coinafrique.com/categorie/autres-animaux?page=5","Chaton","40 000CFA","Almadies, Dakar, Sénégal","https://sn.coinafrique.com/annonce/autres-animaux/chaton-3341213"
"1771529357-91","https://sn.coinafrique.com/categorie/autres-animaux?page=5","Perruches","Prix sur demande","Guediawaye, Dakar, Sénégal","https://sn.coinafrique.com/annonce/autres-animaux/perruches-3336754"
"1771529357-92","https://sn.coinafrique.com/categorie/autres-animaux?page=5","Veaux","250 000CFA","Dieuppeul-Derklé, Dakar, Sénégal","https://sn.coinafrique.com/annonce/autres-animaux/veaux-3335012"
"1771529357-93","https://sn.coinafrique.com/categorie/autres-animaux?page=5","Bœuf","1 200 000CFA","Guediawaye, Dakar, Sénégal","https://sn.coinafrique.com/annonce/autres-animaux/buf-3330908"
"1771529357-94","https://sn.coinafrique.com/categorie/autres-animaux?page=5","Perruche","24 000CFA","Hann Bel-Air, Dakar, Sénégal","https://sn.coinafrique.com/annonce/autres-animaux/perruche-3321530"
"1771529357-95","https://sn.coinafrique.com/categorie/autres-animaux?page=5","Cailleteaux","400CFA","Parcelle Assainies, Dakar, Sénégal","https://sn.coinafrique.com/annonce/autres-animaux/cailleteaux-3319946"
"1771529357-96","https://sn.coinafrique.com/categorie/autres-animaux?page=5","Caille","2 500CFA","Parcelle Assainies, Dakar, Sénégal","https://sn.coinafrique.com/annonce/autres-animaux/caille-3319937"
"1771529357-97","https://sn.coinafrique.com/categorie/autres-animaux?page=5","Veaux","Prix sur demande","Dieuppeul-Derklé, Dakar, Sénégal","https://sn.coinafrique.com/annonce/autres-animaux/veaux-3318063"
"1771529357-98","https://sn.coinafrique.com/categorie/autres-animaux?page=5","Oie guinéen","100 000CFA","Dakar, Sénégal","https://sn.coinafrique.com/annonce/autres-animaux/oie-guineen-3316816"
"1771529357-99","https://sn.coinafrique.com/categorie/autres-animaux?page=5","Oie gardien","90 000CFA","Dakar, Sénégal","https://sn.coinafrique.com/annonce/autres-animaux/oie-gardien-3316810"
"1771529357-100","https://sn.coinafrique.com/categorie/autres-animaux?page=5","Chèvre mâle","Prix sur demande","Mermoz-Sacré Coeur, Dakar, Sénégal","https://sn.coinafrique.com/annonce/autres-animaux/chevre-male-3315646"
"1771529357-101","https://sn.coinafrique.com/categorie/autres-animaux?page=5","Vache","600 000CFA","Niaga, Sénégal","https://sn.coinafrique.com/annonce/autres-animaux/vache-3287171"
"1771529357-102","https://sn.coinafrique.com/categorie/autres-animaux?page=5","Vache","600 000CFA","Niaga, Sénégal","https://sn.coinafrique.com/annonce/autres-animaux/vache-3287170"
"1771529357-103","https://sn.coinafrique.com/categorie/autres-animaux?page=5","Oies adultes","130 000CFA","Guediawaye, Dakar, Sénégal","https://sn.coinafrique.com/annonce/autres-animaux/oies-adultes-3273490"
"1771529357-104","https://sn.coinafrique.com/categorie/autres-animaux?page=5","Taureau","450 000CFA","Parcelle Assainies, Dakar, Sénégal","https://sn.coinafrique.com/annonce/autres-animaux/taureau-3271377"
"1771529357-105","https://sn.coinafrique.com/categorie/autres-animaux?page=5","Taureau","740 000CFA","Dieuppeul-Derklé, Dakar, Sénégal","https://sn.coinafrique.com/annonce/autres-animaux/taureau-3269989"
"1771529357-106","https://sn.coinafrique.com/categorie/autres-animaux?page=5","Taureau","740 000CFA","Dieuppeul-Derklé, Dakar, Sénégal","https://sn.coinafrique.com/annonce/autres-animaux/taureau-3263210"
"1771529357-107","https://sn.coinafrique.com/categorie/autres-animaux?page=5","Poisson aquarium","12 000CFA","Dakar Plateau, Dakar, Sénégal","https://sn.coinafrique.com/annonce/autres-animaux/poisson-aquarium-3256827"
"1771529357-108","https://sn.coinafrique.com/categorie/autres-animaux?page=5","Chaton","Prix sur demande","Mermoz-Sacré Coeur, Dakar, Sénégal","https://sn.coinafrique.com/annonce/autres-animaux/chaton-3254310"
"1771529357-109","https://sn.coinafrique.com/categorie/autres-animaux?page=5","Bœufs","740 000CFA","Dieuppeul-Derklé, Dakar, Sénégal","https://sn.coinafrique.com/annonce/autres-animaux/bufs-3253864"
"1771529357-110","https://sn.coinafrique.com/categorie/autres-animaux?page=5","Perruche ondulée","15 000CFA","Point E, Dakar, Sénégal","https://sn.coinafrique.com/annonce/autres-animaux/perruche-ondulee-3243586"
"1771529357-111","https://sn.coinafrique.com/categorie/autres-animaux?page=5","Bœufs","Prix sur demande","Dieuppeul-Derklé, Dakar, Sénégal","https://sn.coinafrique.com/annonce/autres-animaux/bufs-3240329"
"1771529357-112","https://sn.coinafrique.com/categorie/autres-animaux?page=5","Chatons 2 et 3 mois","Prix sur demande","Grand Dakar, Dakar, Sénégal","https://sn.coinafrique.com/annonce/autres-animaux/chatons-2-et-3-mois-3222114"
"1771529357-113","https://sn.coinafrique.com/categorie/autres-animaux?page=5","Perruches ondulées","20 000CFA","Point E, Dakar, Sénégal","https://sn.coinafrique.com/annonce/autres-animaux/perruches-ondulees-3215371"
"1771529357-114","https://sn.coinafrique.com/categorie/autres-animaux?page=5","Oies","60 000CFA","Dakar, Sénégal","https://sn.coinafrique.com/annonce/autres-animaux/oies-3172011"
"1771529357-115","https://sn.coinafrique.com/categorie/autres-animaux?page=5","Oies","60 000CFA","Dakar, Sénégal","https://sn.coinafrique.com/annonce/autres-animaux/oies-3172006"
"1771529357-116","https://sn.coinafrique.com/categorie/autres-animaux?page=5","Cheval","450 000CFA","Pikine, Sénégal","https://sn.coinafrique.com/annonce/autres-animaux/cheval-3169679"
"1771529357-117","https://sn.coinafrique.com/categorie/autres-animaux?page=5","Cailles","Prix sur demande","Touba, Sénégal","https://sn.coinafrique.com/annonce/autres-animaux/cailles-3169648"
"1771529357-118","https://sn.coinafrique.com/categorie/autres-animaux?page=5","Couple dinde","Prix sur demande","Touba, Sénégal","https://sn.coinafrique.com/annonce/autres-animaux/couple-dinde-3169645"
"1771529357-119","https://sn.coinafrique.com/categorie/autres-animaux?page=5","Dinde","Prix sur demande","Touba, Sénégal","https://sn.coinafrique.com/annonce/autres-animaux/dinde-3165522"
"1771529357-120","https://sn.coinafrique.com/categorie/autres-animaux?page=5","Paonneau","Prix sur demande","Mbao, Dakar, Sénégal","https://sn.coinafrique.com/annonce/autres-animaux/paonneau-3164991"
"1771529357-121","https://sn.coinafrique.com/categorie/autres-animaux?page=5","Rat","Prix sur demande","Almadies, Dakar, Sénégal","https://sn.coinafrique.com/annonce/autres-animaux/rat-3156125"
"1771529357-122","https://sn.coinafrique.com/categorie/autres-animaux?page=5","Poisson vivant","Prix sur demande","Yoff, Dakar, Sénégal","https://sn.coinafrique.com/annonce/autres-animaux/poisson-vivant-3140939"
"1771529357-123","https://sn.coinafrique.com/categorie/autres-animaux?page=5","Boeuf","800 000CFA","Bambey, Sénégal","https://sn.coinafrique.com/annonce/autres-animaux/boeuf-3140204"
"1771529357-124","https://sn.coinafrique.com/categorie/autres-animaux?page=5","Oie géant","85 000CFA","Mbour, Sénégal","https://sn.coinafrique.com/annonce/autres-animaux/oie-geant-3133835"
"1771529357-125","https://sn.coinafrique.com/categorie/autres-animaux?page=5","Couple colvert","30 000CFA","Dakar, Sénégal","https://sn.coinafrique.com/annonce/autres-animaux/couple-colvert-3127244"
"1771529357-126","https://sn.coinafrique.com/categorie/autres-animaux?page=5","Oiseaux exotiques","Prix sur demande","Dakar, Sénégal","https://sn.coinafrique.com/annonce/autres-animaux/oiseaux-exotiques-3119376"
"1771529357-127","https://sn.coinafrique.com/categorie/autres-animaux?page=5","Couple perruches ondulées","100 000CFA","Mermoz-Sacré Coeur, Dakar, Sénégal","https://sn.coinafrique.com/annonce/autres-animaux/couple-perruches-ondulees-3116528"
"1771529357-128","https://sn.coinafrique.com/categorie/autres-animaux?page=5","Vache","300 000CFA","HLM, Dakar, Sénégal","https://sn.coinafrique.com/annonce/autres-animaux/vache-3095614"
"1771529357-129","https://sn.coinafrique.com/categorie/autres-animaux?page=5","Trio dindes d’amérique","65 000CFA","Mbao, Dakar, Sénégal","https://sn.coinafrique.com/annonce/autres-animaux/trio-dindes-damerique-3092550"
"1771529357-130","https://sn.coinafrique.com/categorie/autres-animaux?page=5","Couple perruche arc en ciel","40 000CFA","Mermoz-Sacré Coeur, Dakar, Sénégal","https://sn.coinafrique.com/annonce/autres-animaux/couple-perruche-arc-en-ciel-3092218"
"1771529357-131","https://sn.coinafrique.com/categorie/autres-animaux?page=5","Taureau - géniteur laitier","2 000 000CFA","Sicap Liberté, Dakar, Sénégal","https://sn.coinafrique.com/annonce/autres-animaux/taureau-geniteur-laitier-3087054"
"1771529357-132","https://sn.coinafrique.com/categorie/autres-animaux?page=5","Chaton","Prix sur demande","Almadies, Dakar, Sénégal","https://sn.coinafrique.com/annonce/autres-animaux/chaton-3054622"
"1771529357-133","https://sn.coinafrique.com/categorie/autres-animaux?page=5","Cheval","650 000CFA","Dakar, Sénégal","https://sn.coinafrique.com/annonce/autres-animaux/cheval-3053064"
"1771529357-134","https://sn.coinafrique.com/categorie/autres-animaux?page=5","Taureau géniteur laitier","2 000 000CFA","Sicap Liberté, Dakar, Sénégal","https://sn.coinafrique.com/annonce/autres-animaux/taureau-geniteur-laitier-3039728"
"1771529357-135","https://sn.coinafrique.com/categorie/autres-animaux?page=5","Oisillons","25 000CFA","Dakar, Sénégal","https://sn.coinafrique.com/annonce/autres-animaux/oisillons-3026572"
"1771529357-136","https://sn.coinafrique.com/categorie/autres-animaux?page=5","Oie adulte","80 000CFA","Dakar, Sénégal","https://sn.coinafrique.com/annonce/autres-animaux/oie-adulte-3025291"
"1771529357-137","https://sn.coinafrique.com/categorie/autres-animaux?page=5","Cheval","800 000CFA","Dakar, Sénégal","https://sn.coinafrique.com/annonce/autres-animaux/cheval-3012715"
"1771529357-138","https://sn.coinafrique.com/categorie/autres-animaux?page=5","Bœuf","425 000CFA","Guediawaye, Dakar, Sénégal","https://sn.coinafrique.com/annonce/autres-animaux/buf-3012014"
"1771529357-139","https://sn.coinafrique.com/categorie/autres-animaux?page=5","Laor noir","35 000CFA","Mbour, Sénégal","https://sn.coinafrique.com/annonce/autres-animaux/laor-noir-3005811"
"1771529357-140","https://sn.coinafrique.com/categorie/autres-animaux?page=5","Porc","2 500CFA","Dakar, Sénégal","https://sn.coinafrique.com/annonce/autres-animaux/porc-3004606"
"1771529357-141","https://sn.coinafrique.com/categorie/autres-animaux?page=5","Bœuf","Prix sur demande","Dakar, Sénégal","https://sn.coinafrique.com/annonce/autres-animaux/buf-2968890"
"1771529357-142","https://sn.coinafrique.com/categorie/autres-animaux?page=5","Chaton Angora turque","160 000CFA","Grand Dakar, Dakar, Sénégal","https://sn.coinafrique.com/annonce/autres-animaux/chaton-angora-turque-2966724"
"1771529357-143","https://sn.coinafrique.com/categorie/autres-animaux?page=5","Couple oie de toulouse adulte","85 000CFA","Mbour, Sénégal","https://sn.coinafrique.com/annonce/autres-animaux/couple-oie-de-toulouse-adulte-2936871"
"1771529357-144","https://sn.coinafrique.com/categorie/autres-animaux?page=5","Perroquet Sénégal avec cage","35 000CFA","Ngor, Dakar, Sénégal","https://sn.coinafrique.com/annonce/autres-animaux/perroquet-senegal-avec-cage-2930350"
"1771529357-145","https://sn.coinafrique.com/categorie/autres-animaux?page=5","Jument arabe","1 500 000CFA","Kébémer, Sénégal","https://sn.coinafrique.com/annonce/autres-animaux/jument-arabe-2924412"
"1771529357-146","https://sn.coinafrique.com/categorie/autres-animaux?page=5","Perruches - inséparables","12 500CFA","Parcelle Assainies, Dakar, Sénégal","https://sn.coinafrique.com/annonce/autres-animaux/perruches-inseparables-2896567"
"1771529357-147","https://sn.coinafrique.com/categorie/autres-animaux?page=5","Dinde rouge","70 000CFA","Louga, Sénégal","https://sn.coinafrique.com/annonce/autres-animaux/dinde-rouge-2888081"
"1771529357-148","https://sn.coinafrique.com/categorie/autres-animaux?page=5","Chaton noir blanc","Prix sur demande","Mamelles, Dakar, Sénégal","https://sn.coinafrique.com/annonce/autres-animaux/chaton-noir-blanc-2886750"
"1771529357-149","https://sn.coinafrique.com/categorie/autres-animaux?page=5","Bouc race laitière","Prix sur demande","Saly, Sénégal","https://sn.coinafrique.com/annonce/autres-animaux/bouc-race-laitiere-2881915"
"1771529357-150","https://sn.coinafrique.com/categorie/autres-animaux?page=5","Canard Colvert","50 000CFA","Thies, Sénégal","https://sn.coinafrique.com/annonce/autres-animaux/canard-colvert-2876451"
"1771529357-151","https://sn.coinafrique.com/categorie/autres-animaux?page=5","Chatons","Prix sur demande","Grand Dakar, Dakar, Sénégal","https://sn.coinafrique.com/annonce/autres-animaux/chatons-2860327"
"1771529357-152","https://sn.coinafrique.com/categorie/autres-animaux?page=5","Veau","250 000CFA","HLM, Dakar, Sénégal","https://sn.coinafrique.com/annonce/autres-animaux/veau-2856538"
"1771529357-153","https://sn.coinafrique.com/categorie/autres-animaux?page=5","Vache","550 000CFA","Bambey, Sénégal","https://sn.coinafrique.com/annonce/autres-animaux/vache-2846588"
"1771529357-154","https://sn.coinafrique.com/categorie/autres-animaux?page=5","Chaton Angora Turc","100 000CFA","Dakar, Sénégal","https://sn.coinafrique.com/annonce/autres-animaux/chaton-angora-turc-2826620"
"1771529357-155","https://sn.coinafrique.com/categorie/autres-animaux?page=5","Dinde d'amérique","Prix sur demande","Guediawaye, Dakar, Sénégal","https://sn.coinafrique.com/annonce/autres-animaux/dinde-damerique-2735977"
"1771529357-156","https://sn.coinafrique.com/categorie/autres-animaux?page=5","Vache","300 000CFA","Louga, Sénégal","https://sn.coinafrique.com/annonce/autres-animaux/vache-2709747"
"1771529357-157","https://sn.coinafrique.com/categorie/autres-animaux?page=5","Canard","35 000CFA","Mamelles, Dakar, Sénégal","https://sn.coinafrique.com/annonce/autres-animaux/canard-2703622"
"1771529357-158","https://sn.coinafrique.com/categorie/autres-animaux?page=5","Olpliitone 20 jours","15 000CFA","Dakar, Sénégal","https://sn.coinafrique.com/annonce/autres-animaux/olpliitone-20-jours-2701057"
"1771529357-159","https://sn.coinafrique.com/categorie/autres-animaux?page=5","Âne Arabe","850 000CFA","Kébémer, Sénégal","https://sn.coinafrique.com/annonce/autres-animaux/ane-arabe-2697117"
"1771529357-160","https://sn.coinafrique.com/categorie/autres-animaux?page=5","Bœufs","250 000CFA","Louga, Sénégal","https://sn.coinafrique.com/annonce/autres-animaux/bufs-2694722"
"1771529391-161","https://sn.coinafrique.com/categorie/autres-animaux?page=3","Poussins de canards","3 000CFA","Guediawaye, Dakar, Sénégal","https://sn.coinafrique.com/annonce/autres-animaux/poussins-de-canards-4619825"
"1771529391-162","https://sn.coinafrique.com/categorie/autres-animaux?page=3","Chaton","Prix sur demande","Ngor, Dakar, Sénégal","https://sn.coinafrique.com/annonce/autres-animaux/chaton-4608863"
"1771529391-163","https://sn.coinafrique.com/categorie/autres-animaux?page=3","Chaton Siamois Hymalayen","240 000CFA","Dakar Plateau, Dakar, Sénégal","https://sn.coinafrique.com/annonce/autres-animaux/chaton-siamois-hymalayen-4593854"
"1771529391-164","https://sn.coinafrique.com/categorie/autres-animaux?page=3","Chaton Persan","400 000CFA","Dakar Plateau, Dakar, Sénégal","https://sn.coinafrique.com/annonce/autres-animaux/chaton-persan-4592914"
"1771529391-165","https://sn.coinafrique.com/categorie/autres-animaux?page=3","Chaton Scottish Fold","750 000CFA","Dakar Plateau, Dakar, Sénégal","https://sn.coinafrique.com/annonce/autres-animaux/chaton-scottish-fold-4571582"
"1771529391-166","https://sn.coinafrique.com/categorie/autres-animaux?page=3","Perroquet youyou","10 000CFA","Dieuppeul-Derklé, Dakar, Sénégal","https://sn.coinafrique.com/annonce/autres-animaux/perroquet-youyou-4570755"
"1771529391-167","https://sn.coinafrique.com/categorie/autres-animaux?page=3","Chaton Persan","400 000CFA","Dakar Plateau, Dakar, Sénégal","https://sn.coinafrique.com/annonce/autres-animaux/chaton-persan-4569529"
"1771529391-168","https://sn.coinafrique.com/categorie/autres-animaux?page=3","Boeuf","600 000CFA","Mbao, Dakar, Sénégal","https://sn.coinafrique.com/annonce/autres-animaux/boeuf-4568012"
"1771529391-169","https://sn.coinafrique.com/categorie/autres-animaux?page=3","Cochons d'inde","20 000CFA","Keur Massar, Sénégal","https://sn.coinafrique.com/annonce/autres-animaux/cochons-dinde-4555313"
"1771529391-170","https://sn.coinafrique.com/categorie/autres-animaux?page=3","Chaton Scotish Fold","750 000CFA","Fann, Dakar, Sénégal","https://sn.coinafrique.com/annonce/autres-animaux/chaton-scotish-fold-4540889"
"1771529391-171","https://sn.coinafrique.com/categorie/autres-animaux?page=3","Chaton Persan","400 000CFA","Dakar, Sénégal","https://sn.coinafrique.com/annonce/autres-animaux/chaton-persan-4540876"
"1771529391-172","https://sn.coinafrique.com/categorie/autres-animaux?page=3","Bœuf","Prix sur demande","Diamalaye 2, Dakar, Sénégal","https://sn.coinafrique.com/annonce/autres-animaux/buf-4534540"
"1771529391-173","https://sn.coinafrique.com/categorie/autres-animaux?page=3","Poissons aquarium","7 000CFA","Dakar Plateau, Dakar, Sénégal","https://sn.coinafrique.com/annonce/autres-animaux/poissons-aquarium-4534116"
"1771529391-174","https://sn.coinafrique.com/categorie/autres-animaux?page=3","Chatons Serval","1 500 000CFA","Saint Louis, Sénégal","https://sn.coinafrique.com/annonce/autres-animaux/chatons-serval-4517799"
"1771529391-175","https://sn.coinafrique.com/categorie/autres-animaux?page=3","Couple dinde","40 000CFA","Kolda, Sénégal","https://sn.coinafrique.com/annonce/autres-animaux/couple-dinde-4506000"
"1771529391-176","https://sn.coinafrique.com/categorie/autres-animaux?page=3","Cochons","20 000CFA","Keur Massar, Sénégal","https://sn.coinafrique.com/annonce/autres-animaux/cochons-4503064"
"1771529391-177","https://sn.coinafrique.com/categorie/autres-animaux?page=3","Cochons","20 000CFA","Keur Massar, Sénégal","https://sn.coinafrique.com/annonce/autres-animaux/cochons-4503058"
"1771529391-178","https://sn.coinafrique.com/categorie/autres-animaux?page=3","Pintade","75 000CFA","Guediawaye, Dakar, Sénégal","https://sn.coinafrique.com/annonce/autres-animaux/pintade-4465594"
"1771529391-179","https://sn.coinafrique.com/categorie/autres-animaux?page=3","Perruche Anglaise","40 000CFA","Dieuppeul-Derklé, Dakar, Sénégal","https://sn.coinafrique.com/annonce/autres-animaux/perruche-anglaise-4456172"
"1771529391-180","https://sn.coinafrique.com/categorie/autres-animaux?page=3","Perruches ondulées","15 000CFA","Dieuppeul-Derklé, Dakar, Sénégal","https://sn.coinafrique.com/annonce/autres-animaux/perruches-ondulees-4456156"
"1771529391-181","https://sn.coinafrique.com/categorie/autres-animaux?page=3","Cailles","1 500CFA","Dakar, Sénégal","https://sn.coinafrique.com/annonce/autres-animaux/cailles-4454743"
"1771529391-182","https://sn.coinafrique.com/categorie/autres-animaux?page=3","Perruche ondulée","7 000CFA","Thies, Sénégal","https://sn.coinafrique.com/annonce/autres-animaux/perruche-ondulee-4452994"
"1771529391-183","https://sn.coinafrique.com/categorie/autres-animaux?page=3","Paon","250 000CFA","Dakar, Sénégal","https://sn.coinafrique.com/annonce/autres-animaux/paon-4451044"
"1771529391-184","https://sn.coinafrique.com/categorie/autres-animaux?page=3","Paon","65 000CFA","Yoff, Dakar, Sénégal","https://sn.coinafrique.com/annonce/autres-animaux/paon-4435457"
"1771529391-185","https://sn.coinafrique.com/categorie/autres-animaux?page=3","Pintade","7 000CFA","Keur Massar, Sénégal","https://sn.coinafrique.com/annonce/autres-animaux/pintade-4412768"
"1771529391-186","https://sn.coinafrique.com/categorie/autres-animaux?page=3","Perroquet","50 000CFA","Point E, Dakar, Sénégal","https://sn.coinafrique.com/annonce/autres-animaux/perroquet-4411374"
"1771529391-187","https://sn.coinafrique.com/categorie/autres-animaux?page=3","Oies de Toulouse","Prix sur demande","Thies, Sénégal","https://sn.coinafrique.com/annonce/autres-animaux/oies-de-toulouse-4409000"
"1771529391-188","https://sn.coinafrique.com/categorie/autres-animaux?page=3","Dindes","30 000CFA","Guediawaye, Dakar, Sénégal","https://sn.coinafrique.com/annonce/autres-animaux/dindes-4408804"
"1771529391-189","https://sn.coinafrique.com/categorie/autres-animaux?page=3","Pintades","40 000CFA","Guediawaye, Dakar, Sénégal","https://sn.coinafrique.com/annonce/autres-animaux/pintades-4408799"
"1771529391-190","https://sn.coinafrique.com/categorie/autres-animaux?page=3","Veaux","450 000CFA","Pikine, Sénégal","https://sn.coinafrique.com/annonce/autres-animaux/veaux-4407653"
"1771529391-191","https://sn.coinafrique.com/categorie/autres-animaux?page=3","Chèvre","80 000CFA","Thies, Sénégal","https://sn.coinafrique.com/annonce/autres-animaux/chevre-4387674"
"1771529391-192","https://sn.coinafrique.com/categorie/autres-animaux?page=3","Chat Persan","650 000CFA","Point E, Dakar, Sénégal","https://sn.coinafrique.com/annonce/autres-animaux/chat-persan-4386249"
"1771529391-193","https://sn.coinafrique.com/categorie/autres-animaux?page=3","Dinde rouge pair","35 000CFA","Dakar, Sénégal","https://sn.coinafrique.com/annonce/autres-animaux/dinde-rouge-pair-4381112"
"1771529391-194","https://sn.coinafrique.com/categorie/autres-animaux?page=3","Bœuf","450 000CFA","Dakar, Sénégal","https://sn.coinafrique.com/annonce/autres-animaux/buf-4379382"
"1771529391-195","https://sn.coinafrique.com/categorie/autres-animaux?page=3","Chaton","Prix sur demande","Ouest Foire, Dakar, Sénégal","https://sn.coinafrique.com/annonce/autres-animaux/chaton-4365267"
"1771529391-196","https://sn.coinafrique.com/categorie/autres-animaux?page=3","Taureau","320 000CFA","Rufisque, Sénégal","https://sn.coinafrique.com/annonce/autres-animaux/taureau-4335558"
"1771529391-197","https://sn.coinafrique.com/categorie/autres-animaux?page=3","Chaton Gimalayen Siamois","250 000CFA","Fann, Dakar, Sénégal","https://sn.coinafrique.com/annonce/autres-animaux/chaton-gimalayen-siamois-4333502"
"1771529391-198","https://sn.coinafrique.com/categorie/autres-animaux?page=3","Perruches ondulées","20 000CFA","Point E, Dakar, Sénégal","https://sn.coinafrique.com/annonce/autres-animaux/perruches-ondulees-4331659"
"1771529391-199","https://sn.coinafrique.com/categorie/autres-animaux?page=3","Perroquets","60 000CFA","Point E, Dakar, Sénégal","https://sn.coinafrique.com/annonce/autres-animaux/perroquets-4331654"
"1771529391-200","https://sn.coinafrique.com/categorie/autres-animaux?page=3","Cailles de chair","500CFA","Colobane, Dakar, Sénégal","https://sn.coinafrique.com/annonce/autres-animaux/cailles-de-chair-4327166"
"1771529391-201","https://sn.coinafrique.com/categorie/autres-animaux?page=3","Poussins d'autruche","50 000CFA","Bambey, Sénégal","https://sn.coinafrique.com/annonce/autres-animaux/poussins-dautruche-4292496"
"1771529391-202","https://sn.coinafrique.com/categorie/autres-animaux?page=3","Chat tigré","60 000CFA","Rufisque, Sénégal","https://sn.coinafrique.com/annonce/autres-animaux/chat-tigre-4290090"
"1771529391-203","https://sn.coinafrique.com/categorie/autres-animaux?page=3","Chat tigré","60 000CFA","Rufisque, Sénégal","https://sn.coinafrique.com/annonce/autres-animaux/chat-tigre-4290086"
"1771529391-204","https://sn.coinafrique.com/categorie/autres-animaux?page=3","Canard","30 000CFA","Guediawaye, Dakar, Sénégal","https://sn.coinafrique.com/annonce/autres-animaux/canard-4251761"
"1771529391-205","https://sn.coinafrique.com/categorie/autres-animaux?page=3","Autruche","40 000CFA","Bambey, Sénégal","https://sn.coinafrique.com/annonce/autres-animaux/autruche-4274068"
"1771529391-206","https://sn.coinafrique.com/categorie/autres-animaux?page=3","Chatons persans chinchilla golden shaded","500 000CFA","Sicap Liberté, Dakar, Sénégal","https://sn.coinafrique.com/annonce/autres-animaux/chatons-persans-chinchilla-golden-shaded-4268926"
"1771529391-207","https://sn.coinafrique.com/categorie/autres-animaux?page=3","Chat persan chinchilla blue golden shaded","650 000CFA","Sicap Liberté, Dakar, Sénégal","https://sn.coinafrique.com/annonce/autres-animaux/chat-persan-chinchilla-blue-golden-shaded-4268866"
"1771529391-208","https://sn.coinafrique.com/categorie/autres-animaux?page=3","Chat persan chinchilla golden shaded","500 000CFA","Sicap Liberté, Dakar, Sénégal","https://sn.coinafrique.com/annonce/autres-animaux/chat-persan-chinchilla-golden-shaded-4268857"
"1771529391-209","https://sn.coinafrique.com/categorie/autres-animaux?page=3","Perruches ondulées","20 000CFA","Dieuppeul-Derklé, Dakar, Sénégal","https://sn.coinafrique.com/annonce/autres-animaux/perruches-ondulees-4268218"
"1771529391-210","https://sn.coinafrique.com/categorie/autres-animaux?page=3","Oies","45 000CFA","Thies, Sénégal","https://sn.coinafrique.com/annonce/autres-animaux/oies-4263743"
"1771529391-211","https://sn.coinafrique.com/categorie/autres-animaux?page=3","Poissons aquariums","7 500CFA","Dakar Plateau, Dakar, Sénégal","https://sn.coinafrique.com/annonce/autres-animaux/poissons-aquariums-4258053"
"1771529391-212","https://sn.coinafrique.com/categorie/autres-animaux?page=3","Chaton","Prix sur demande","Ouest Foire, Dakar, Sénégal","https://sn.coinafrique.com/annonce/autres-animaux/chaton-4254477"
"1771529391-213","https://sn.coinafrique.com/categorie/autres-animaux?page=3","Paon","Prix sur demande","Yoff, Dakar, Sénégal","https://sn.coinafrique.com/annonce/autres-animaux/paon-4250701"
"1771529391-214","https://sn.coinafrique.com/categorie/autres-animaux?page=3","Perruche","30 000CFA","Point E, Dakar, Sénégal","https://sn.coinafrique.com/annonce/autres-animaux/perruche-4236158"
"1771529391-215","https://sn.coinafrique.com/categorie/autres-animaux?page=3","Paon","400CFA","Touba, Sénégal","https://sn.coinafrique.com/annonce/autres-animaux/paon-4226444"
"1771529391-216","https://sn.coinafrique.com/categorie/autres-animaux?page=3","Poussins bleus hollandais","1 500CFA","Mbao, Dakar, Sénégal","https://sn.coinafrique.com/annonce/autres-animaux/poussins-bleus-hollandais-4223952"
"1771529391-217","https://sn.coinafrique.com/categorie/autres-animaux?page=3","Chaton Siamois Himalayen","275 000CFA","Fann, Dakar, Sénégal","https://sn.coinafrique.com/annonce/autres-animaux/chaton-siamois-himalayen-4215680"
"1771529391-218","https://sn.coinafrique.com/categorie/autres-animaux?page=3","Poissons aquarium","15 000CFA","Dakar Plateau, Dakar, Sénégal","https://sn.coinafrique.com/annonce/autres-animaux/poissons-aquarium-4213007"
"1771529391-219","https://sn.coinafrique.com/categorie/autres-animaux?page=3","Cailles","7 000CFA","Touba, Sénégal","https://sn.coinafrique.com/annonce/autres-animaux/cailles-4208226"
"1771529391-220","https://sn.coinafrique.com/categorie/autres-animaux?page=3","Boeuf","600 000CFA","Bambey, Sénégal","https://sn.coinafrique.com/annonce/autres-animaux/boeuf-4196106"
"1771529391-221","https://sn.coinafrique.com/categorie/autres-animaux?page=3","Perruches","30 000CFA","Hann Bel-Air, Dakar, Sénégal","https://sn.coinafrique.com/annonce/autres-animaux/perruches-4194617"
"1771529391-222","https://sn.coinafrique.com/categorie/autres-animaux?page=3","Perroquet","35 000CFA","Dakar, Sénégal","https://sn.coinafrique.com/annonce/autres-animaux/perroquet-4185842"
"1771529391-223","https://sn.coinafrique.com/categorie/autres-animaux?page=3","Couple de perruches","14 900CFA","Thies, Sénégal","https://sn.coinafrique.com/annonce/autres-animaux/couple-de-perruches-4180902"
"1771529391-224","https://sn.coinafrique.com/categorie/autres-animaux?page=3","Chaton siamois","240 000CFA","Sacré-Coeur, Dakar, Sénégal","https://sn.coinafrique.com/annonce/autres-animaux/chaton-siamois-4180282"
"1771529391-225","https://sn.coinafrique.com/categorie/autres-animaux?page=3","Dinde","45 000CFA","Touba, Sénégal","https://sn.coinafrique.com/annonce/autres-animaux/dinde-4170236"
"1771529391-226","https://sn.coinafrique.com/categorie/autres-animaux?page=3","Dindes","100 000CFA","Parcelle Assainies, Dakar, Sénégal","https://sn.coinafrique.com/annonce/autres-animaux/dindes-4169875"
"1771529391-227","https://sn.coinafrique.com/categorie/autres-animaux?page=3","Dindes","100 000CFA","Parcelle Assainies, Dakar, Sénégal","https://sn.coinafrique.com/annonce/autres-animaux/dindes-4169870"
"1771529391-228","https://sn.coinafrique.com/categorie/autres-animaux?page=3","Hamster doré","Prix sur demande","Patte d'oie, Dakar, Sénégal","https://sn.coinafrique.com/annonce/autres-animaux/hamster-dore-4169247"
"1771529391-229","https://sn.coinafrique.com/categorie/autres-animaux?page=3","Perroquet","20 000CFA","Dakar, Sénégal","https://sn.coinafrique.com/annonce/autres-animaux/perroquet-4141464"
"1771529391-230","https://sn.coinafrique.com/categorie/autres-animaux?page=3","Canard colvert","32 500CFA","Almadies 2, Dakar, Sénégal","https://sn.coinafrique.com/annonce/autres-animaux/canard-colvert-4141195"
"1771529391-231","https://sn.coinafrique.com/categorie/autres-animaux?page=3","Chatte persane himalayenne","200 000CFA","Dakar, Sénégal","https://sn.coinafrique.com/annonce/autres-animaux/chatte-persane-himalayenne-4140736"
"1771529391-232","https://sn.coinafrique.com/categorie/autres-animaux?page=3","Oies","35 000CFA","Thies, Sénégal","https://sn.coinafrique.com/annonce/autres-animaux/oies-4119270"
"1771529391-233","https://sn.coinafrique.com/categorie/autres-animaux?page=3","Hamster dorée","15 000CFA","Sacré-Coeur, Dakar, Sénégal","https://sn.coinafrique.com/annonce/autres-animaux/hamster-doree-4110101"
"1771529391-234","https://sn.coinafrique.com/categorie/autres-animaux?page=3","Chèvre sahelienne","180 000CFA","Mbour, Sénégal","https://sn.coinafrique.com/annonce/autres-animaux/chevre-sahelienne-4103018"
"1771529391-235","https://sn.coinafrique.com/categorie/autres-animaux?page=3","Chats siamois himalayen","300 000CFA","Thies, Sénégal","https://sn.coinafrique.com/annonce/autres-animaux/chats-siamois-himalayen-4102440"
"1771529391-236","https://sn.coinafrique.com/categorie/autres-animaux?page=3","Chaton angora","180 000CFA","Fann, Dakar, Sénégal","https://sn.coinafrique.com/annonce/autres-animaux/chaton-angora-4102298"
"1771529391-237","https://sn.coinafrique.com/categorie/autres-animaux?page=3","Cheval","Prix sur demande","Ouakam, Dakar, Sénégal","https://sn.coinafrique.com/annonce/autres-animaux/cheval-4092862"
"1771529391-238","https://sn.coinafrique.com/categorie/autres-animaux?page=3","Bœuf","600 000CFA","Bambey, Sénégal","https://sn.coinafrique.com/annonce/autres-animaux/buf-4090572"
"1771529391-239","https://sn.coinafrique.com/categorie/autres-animaux?page=3","Oies","65 000CFA","Niaga, Sénégal","https://sn.coinafrique.com/annonce/autres-animaux/oies-4064457"
"1771529391-240","https://sn.coinafrique.com/categorie/autres-animaux?page=3","Dinde","50 000CFA","Dakar, Sénégal","https://sn.coinafrique.com/annonce/autres-animaux/dinde-4060300"
"1771529391-241","https://sn.coinafrique.com/categorie/autres-animaux?page=3","Canards","20 000CFA","Dakar, Sénégal","https://sn.coinafrique.com/annonce/autres-animaux/canards-4056116"
"1771529391-242","https://sn.coinafrique.com/categorie/autres-animaux?page=3","Dindons","175 000CFA","Dakar, Sénégal","https://sn.coinafrique.com/annonce/autres-animaux/dindons-4056115"
"1771529391-243","https://sn.coinafrique.com/categorie/autres-animaux?page=3","Perruches ondulées","7 000CFA","Hann Bel-Air, Dakar, Sénégal","https://sn.coinafrique.com/annonce/autres-animaux/perruches-ondulees-4049517"
"1771529391-244","https://sn.coinafrique.com/categorie/autres-animaux?page=3","Boeuf","Prix sur demande","Niaga, Sénégal","https://sn.coinafrique.com/annonce/autres-animaux/boeuf-4047285"
"1771529397-245","https://sn.coinafrique.com/categorie/autres-animaux?page=2","Perroquets","15 000CFA","Thies, Sénégal","https://sn.coinafrique.com/annonce/autres-animaux/perroquets-5125396"
"1771529397-246","https://sn.coinafrique.com/categorie/autres-animaux?page=2","Perruches ondulées","20 000CFA","Point E, Dakar, Sénégal","https://sn.coinafrique.com/annonce/autres-animaux/perruches-ondulees-5103176"
"1771529397-247","https://sn.coinafrique.com/categorie/autres-animaux?page=2","Chaton","Prix sur demande","Dakar Plateau, Dakar, Sénégal","https://sn.coinafrique.com/annonce/autres-animaux/chaton-5096028"
"1771529397-248","https://sn.coinafrique.com/categorie/autres-animaux?page=2","Chaton Siamois","235 000CFA","Dakar Plateau, Dakar, Sénégal","https://sn.coinafrique.com/annonce/autres-animaux/chaton-siamois-5092278"
"1771529397-249","https://sn.coinafrique.com/categorie/autres-animaux?page=2","Poissons Aquarium","8 500CFA","Dakar, Sénégal","https://sn.coinafrique.com/annonce/autres-animaux/poissons-aquarium-5068623"
"1771529397-250","https://sn.coinafrique.com/categorie/autres-animaux?page=2","Tortues terrestres","35 000CFA","Ouest Foire, Dakar, Sénégal","https://sn.coinafrique.com/annonce/autres-animaux/tortues-terrestres-5066823"
"1771529397-251","https://sn.coinafrique.com/categorie/autres-animaux?page=2","Bœuf","800 000CFA","Mbao, Dakar, Sénégal","https://sn.coinafrique.com/annonce/autres-animaux/buf-5054269"
"1771529397-252","https://sn.coinafrique.com/categorie/autres-animaux?page=2","Bœuf","800 000CFA","Mbao, Dakar, Sénégal","https://sn.coinafrique.com/annonce/autres-animaux/buf-5054268"
"1771529397-253","https://sn.coinafrique.com/categorie/autres-animaux?page=2","Chat Persan","400 000CFA","Dakar Plateau, Dakar, Sénégal","https://sn.coinafrique.com/annonce/autres-animaux/chat-persan-5050095"
"1771529397-254","https://sn.coinafrique.com/categorie/autres-animaux?page=2","Bœufs","800 000CFA","Keur Massar, Sénégal","https://sn.coinafrique.com/annonce/autres-animaux/bufs-5042261"
"1771529397-255","https://sn.coinafrique.com/categorie/autres-animaux?page=2","Mondain","140 000CFA","Guediawaye, Dakar, Sénégal","https://sn.coinafrique.com/annonce/autres-animaux/mondain-5041931"
"1771529397-256","https://sn.coinafrique.com/categorie/autres-animaux?page=2","Himalayen","265 000CFA","Dakar Plateau, Dakar, Sénégal","https://sn.coinafrique.com/annonce/autres-animaux/himalayen-5041105"
"1771529397-257","https://sn.coinafrique.com/categorie/autres-animaux?page=2","persan pure race","400 000CFA","Dakar Plateau, Dakar, Sénégal","https://sn.coinafrique.com/annonce/autres-animaux/persan-pure-race-5041103"
"1771529397-258","https://sn.coinafrique.com/categorie/autres-animaux?page=2","British et scottish pure race","650 000CFA","Dakar Plateau, Dakar, Sénégal","https://sn.coinafrique.com/annonce/autres-animaux/british-et-scottish-pure-race-5041101"
"1771529397-259","https://sn.coinafrique.com/categorie/autres-animaux?page=2","Dindes","25 000CFA","Almadies 2, Dakar, Sénégal","https://sn.coinafrique.com/annonce/autres-animaux/dindes-5035473"
"1771529397-260","https://sn.coinafrique.com/categorie/autres-animaux?page=2","Bœuf","300 000CFA","Biscuiterie, Dakar, Sénégal","https://sn.coinafrique.com/annonce/autres-animaux/buf-5022926"
"1771529397-261","https://sn.coinafrique.com/categorie/autres-animaux?page=2","Chaton de 1 mois","20 000CFA","Mariste, Dakar, Sénégal","https://sn.coinafrique.com/annonce/autres-animaux/chaton-de-1-mois-5017864"
"1771529397-262","https://sn.coinafrique.com/categorie/autres-animaux?page=2","Caille","1 500CFA","Guediawaye, Dakar, Sénégal","https://sn.coinafrique.com/annonce/autres-animaux/caille-5001807"
"1771529397-263","https://sn.coinafrique.com/categorie/autres-animaux?page=2","Couple dinde","Prix sur demande","Guediawaye, Dakar, Sénégal","https://sn.coinafrique.com/annonce/autres-animaux/couple-dinde-5001804"
"1771529397-264","https://sn.coinafrique.com/categorie/autres-animaux?page=2","Chat Siamois","170 000CFA","Point E, Dakar, Sénégal","https://sn.coinafrique.com/annonce/autres-animaux/chat-siamois-4997392"
"1771529397-265","https://sn.coinafrique.com/categorie/autres-animaux?page=2","Boeuf","Prix sur demande","Thies, Sénégal","https://sn.coinafrique.com/annonce/autres-animaux/boeuf-4995019"
"1771529397-266","https://sn.coinafrique.com/categorie/autres-animaux?page=2","Tortue","35 000CFA","Hann Bel-Air, Dakar, Sénégal","https://sn.coinafrique.com/annonce/autres-animaux/tortue-4976748"
"1771529397-267","https://sn.coinafrique.com/categorie/autres-animaux?page=2","Bleus","Prix sur demande","Sicap Liberté, Dakar, Sénégal","https://sn.coinafrique.com/annonce/autres-animaux/bleus-4974963"
"1771529397-268","https://sn.coinafrique.com/categorie/autres-animaux?page=2","Perroquet","399 000CFA","Sicap Liberté, Dakar, Sénégal","https://sn.coinafrique.com/annonce/autres-animaux/perroquet-4967605"
"1771529397-269","https://sn.coinafrique.com/categorie/autres-animaux?page=2","Œufs de caille","4 500CFA","Mbour, Sénégal","https://sn.coinafrique.com/annonce/autres-animaux/ufs-de-caille-4962446"
"1771529397-270","https://sn.coinafrique.com/categorie/autres-animaux?page=2","Cailles de chair","2 500CFA","Thies, Sénégal","https://sn.coinafrique.com/annonce/autres-animaux/cailles-de-chair-4957482"
"1771529397-271","https://sn.coinafrique.com/categorie/autres-animaux?page=2","Chaton","50 000CFA","Dakar, Sénégal","https://sn.coinafrique.com/annonce/autres-animaux/chaton-4956743"
"1771529397-272","https://sn.coinafrique.com/categorie/autres-animaux?page=2","Pintade noire","800 000CFA","Hann Bel-Air, Dakar, Sénégal","https://sn.coinafrique.com/annonce/autres-animaux/pintade-noire-4942157"
"1771529397-273","https://sn.coinafrique.com/categorie/autres-animaux?page=2","Chat","350 000CFA","Grand Dakar, Dakar, Sénégal","https://sn.coinafrique.com/annonce/autres-animaux/chat-4928423"
"1771529397-274","https://sn.coinafrique.com/categorie/autres-animaux?page=2","Chatons","Prix sur demande","Mariste, Dakar, Sénégal","https://sn.coinafrique.com/annonce/autres-animaux/chatons-4922546"
"1771529397-275","https://sn.coinafrique.com/categorie/autres-animaux?page=2","Poussins de canard","2 500CFA","Guediawaye, Dakar, Sénégal","https://sn.coinafrique.com/annonce/autres-animaux/poussins-de-canard-4917429"
"1771529397-276","https://sn.coinafrique.com/categorie/autres-animaux?page=2","Dinde rouge Ardenne","Prix sur demande","Guediawaye, Dakar, Sénégal","https://sn.coinafrique.com/annonce/autres-animaux/dinde-rouge-ardenne-4917420"
"1771529397-277","https://sn.coinafrique.com/categorie/autres-animaux?page=2","Perroquets","50 000CFA","Point E, Dakar, Sénégal","https://sn.coinafrique.com/annonce/autres-animaux/perroquets-4903200"
"1771529397-278","https://sn.coinafrique.com/categorie/autres-animaux?page=2","Poisson Aquarium","8 500CFA","Dakar Plateau, Dakar, Sénégal","https://sn.coinafrique.com/annonce/autres-animaux/poisson-aquarium-4898597"
"1771529397-279","https://sn.coinafrique.com/categorie/autres-animaux?page=2","Bœufs","Prix sur demande","Niaga, Sénégal","https://sn.coinafrique.com/annonce/autres-animaux/bufs-4895608"
"1771529397-280","https://sn.coinafrique.com/categorie/autres-animaux?page=2","Chatons persans chinchillas purs","550 000CFA","Sicap Liberté, Dakar, Sénégal","https://sn.coinafrique.com/annonce/autres-animaux/chatons-persans-chinchillas-purs-4888897"
"1771529397-281","https://sn.coinafrique.com/categorie/autres-animaux?page=2","Autruche","750 000CFA","Almadies 2, Dakar, Sénégal","https://sn.coinafrique.com/annonce/autres-animaux/autruche-4885138"
"1771529397-282","https://sn.coinafrique.com/categorie/autres-animaux?page=2","Œufs de caille","3 000CFA","Thies, Sénégal","https://sn.coinafrique.com/annonce/autres-animaux/ufs-de-caille-4880858"
"1771529397-283","https://sn.coinafrique.com/categorie/autres-animaux?page=2","Œufs de caille","3 000CFA","Thies, Sénégal","https://sn.coinafrique.com/annonce/autres-animaux/ufs-de-caille-4880849"
"1771529397-284","https://sn.coinafrique.com/categorie/autres-animaux?page=2","vache","Prix sur demande","Niaga, Sénégal","https://sn.coinafrique.com/annonce/autres-animaux/vache-4878570"
"1771529397-285","https://sn.coinafrique.com/categorie/autres-animaux?page=2","Vache","350 000CFA","Gassane, Sénégal","https://sn.coinafrique.com/annonce/autres-animaux/vache-4864739"
"1771529397-286","https://sn.coinafrique.com/categorie/autres-animaux?page=2","Chaton hiamalayen","200 000CFA","Dakar Plateau, Dakar, Sénégal","https://sn.coinafrique.com/annonce/autres-animaux/chaton-hiamalayen-4864117"
"1771529397-287","https://sn.coinafrique.com/categorie/autres-animaux?page=2","Siamois","200 000CFA","Yoff, Dakar, Sénégal","https://sn.coinafrique.com/annonce/autres-animaux/siamois-4855435"
"1771529397-288","https://sn.coinafrique.com/categorie/autres-animaux?page=2","Bœufs race Goudali","Prix sur demande","Dakar, Sénégal","https://sn.coinafrique.com/annonce/autres-animaux/bufs-race-goudali-4853741"
"1771529397-289","https://sn.coinafrique.com/categorie/autres-animaux?page=2","Vache montbéliardes","2 000 000CFA","Pikine, Sénégal","https://sn.coinafrique.com/annonce/autres-animaux/vache-montbeliardes-4851931"
"1771529397-290","https://sn.coinafrique.com/categorie/autres-animaux?page=2","Perruche ondulée","15 000CFA","Dieuppeul-Derklé, Dakar, Sénégal","https://sn.coinafrique.com/annonce/autres-animaux/perruche-ondulee-4846061"
"1771529397-291","https://sn.coinafrique.com/categorie/autres-animaux?page=2","Perruche ondulée","30 000CFA","Dieuppeul-Derklé, Dakar, Sénégal","https://sn.coinafrique.com/annonce/autres-animaux/perruche-ondulee-4846053"
"1771529397-292","https://sn.coinafrique.com/categorie/autres-animaux?page=2","Perruches ondulées blanches","20 000CFA","Dieuppeul-Derklé, Dakar, Sénégal","https://sn.coinafrique.com/annonce/autres-animaux/perruches-ondulees-blanches-4846024"
"1771529397-293","https://sn.coinafrique.com/categorie/autres-animaux?page=2","Persan pure race","500 000CFA","Dakar Plateau, Dakar, Sénégal","https://sn.coinafrique.com/annonce/autres-animaux/persan-pure-race-4818301"
"1771529397-294","https://sn.coinafrique.com/categorie/autres-animaux?page=2","Chatons Persan pure race","430 000CFA","Dakar Plateau, Dakar, Sénégal","https://sn.coinafrique.com/annonce/autres-animaux/chatons-persan-pure-race-4808981"
"1771529397-295","https://sn.coinafrique.com/categorie/autres-animaux?page=2","Scottish fold et scottish straight de race pure","700 000CFA","Dakar Plateau, Dakar, Sénégal","https://sn.coinafrique.com/annonce/autres-animaux/scottish-fold-et-scottish-straight-de-race-pure-4808971"
"1771529397-296","https://sn.coinafrique.com/categorie/autres-animaux?page=2","Foin","4 600CFA","Keur Massar, Sénégal","https://sn.coinafrique.com/annonce/autres-animaux/foin-4807500"
"1771529397-297","https://sn.coinafrique.com/categorie/autres-animaux?page=2","Paon","140 000CFA","Yoff, Dakar, Sénégal","https://sn.coinafrique.com/annonce/autres-animaux/paon-4804686"
"1771529397-298","https://sn.coinafrique.com/categorie/autres-animaux?page=2","Chat scotish","750 000CFA","Dakar Plateau, Dakar, Sénégal","https://sn.coinafrique.com/annonce/autres-animaux/chat-scotish-4803206"
"1771529397-299","https://sn.coinafrique.com/categorie/autres-animaux?page=2","Poussin dinde rouge","15 000CFA","Dakar, Sénégal","https://sn.coinafrique.com/annonce/autres-animaux/poussin-dinde-rouge-4794677"
"1771529397-300","https://sn.coinafrique.com/categorie/autres-animaux?page=2","Cochin Fauve","17 500CFA","Dakar, Sénégal","https://sn.coinafrique.com/annonce/autres-animaux/cochin-fauve-4794473"
"1771529397-301","https://sn.coinafrique.com/categorie/autres-animaux?page=2","Poussin Cochin disponible","17 500CFA","Dakar, Sénégal","https://sn.coinafrique.com/annonce/autres-animaux/poussin-cochin-disponible-4794466"
"1771529397-302","https://sn.coinafrique.com/categorie/autres-animaux?page=2","Chat persan","400 000CFA","Dakar Plateau, Dakar, Sénégal","https://sn.coinafrique.com/annonce/autres-animaux/chat-persan-4785131"
"1771529397-303","https://sn.coinafrique.com/categorie/autres-animaux?page=2","Vache laitière Montbéliarde","Prix sur demande","Guediawaye, Dakar, Sénégal","https://sn.coinafrique.com/annonce/autres-animaux/vache-laitiere-montbeliarde-4765247"
"1771529397-304","https://sn.coinafrique.com/categorie/autres-animaux?page=2","Chaton Scottish","450 000CFA","Dakar Plateau, Dakar, Sénégal","https://sn.coinafrique.com/annonce/autres-animaux/chaton-scottish-4755374"
"1771529397-305","https://sn.coinafrique.com/categorie/autres-animaux?page=2","Vaches Montbéliarde","Prix sur demande","Pikine, Sénégal","https://sn.coinafrique.com/annonce/autres-animaux/vaches-montbeliarde-4753936"
"1771529397-306","https://sn.coinafrique.com/categorie/autres-animaux?page=2","Vache Montbéliard et Holstein","Prix sur demande","Rufisque, Sénégal","https://sn.coinafrique.com/annonce/autres-animaux/vache-montbeliard-et-holstein-4753935"
"1771529397-307","https://sn.coinafrique.com/categorie/autres-animaux?page=2","Vache  Montbéliard Holstein","Prix sur demande","Pikine, Sénégal","https://sn.coinafrique.com/annonce/autres-animaux/vache-montbeliard-holstein-4753933"
"1771529397-308","https://sn.coinafrique.com/categorie/autres-animaux?page=2","Boeuf","800 000CFA","Kaolack, Sénégal","https://sn.coinafrique.com/annonce/autres-animaux/boeuf-4752043"
"1771529397-309","https://sn.coinafrique.com/categorie/autres-animaux?page=2","3 chatons","Prix sur demande","Mariste, Dakar, Sénégal","https://sn.coinafrique.com/annonce/autres-animaux/3-chatons-4751663"
"1771529397-310","https://sn.coinafrique.com/categorie/autres-animaux?page=2","Paon bleu","250 000CFA","Rufisque, Sénégal","https://sn.coinafrique.com/annonce/autres-animaux/paon-bleu-4686441"
"1771529397-311","https://sn.coinafrique.com/categorie/autres-animaux?page=2","Perroquet inséparable","60 000CFA","Point E, Dakar, Sénégal","https://sn.coinafrique.com/annonce/autres-animaux/perroquet-inseparable-4724298"
"1771529397-312","https://sn.coinafrique.com/categorie/autres-animaux?page=2","Chat Siamois","300 000CFA","Almadies, Dakar, Sénégal","https://sn.coinafrique.com/annonce/autres-animaux/chat-siamois-4723220"
"1771529397-313","https://sn.coinafrique.com/categorie/autres-animaux?page=2","Hamster","5 000CFA","Almadies, Dakar, Sénégal","https://sn.coinafrique.com/annonce/autres-animaux/hamster-4723216"
"1771529397-314","https://sn.coinafrique.com/categorie/autres-animaux?page=2","Cailles","Prix sur demande","Touba, Sénégal","https://sn.coinafrique.com/annonce/autres-animaux/cailles-4701407"
"1771529397-315","https://sn.coinafrique.com/categorie/autres-animaux?page=2","Perruche","20 000CFA","Mamelles, Dakar, Sénégal","https://sn.coinafrique.com/annonce/autres-animaux/perruche-4701230"
"1771529397-316","https://sn.coinafrique.com/categorie/autres-animaux?page=2","Chaton","Prix sur demande","Ngor, Dakar, Sénégal","https://sn.coinafrique.com/annonce/autres-animaux/chaton-4689687"
"1771529397-317","https://sn.coinafrique.com/categorie/autres-animaux?page=2","Bœufs","Prix sur demande","Parcelle Assainies, Dakar, Sénégal","https://sn.coinafrique.com/annonce/autres-animaux/bufs-4679890"
"1771529397-318","https://sn.coinafrique.com/categorie/autres-animaux?page=2","Paire de perruches ondulées","40 000CFA","Mamelles, Dakar, Sénégal","https://sn.coinafrique.com/annonce/autres-animaux/paire-de-perruches-ondulees-4679396"
"1771529397-319","https://sn.coinafrique.com/categorie/autres-animaux?page=2","Vache brune","Prix sur demande","Mbour, Sénégal","https://sn.coinafrique.com/annonce/autres-animaux/vache-brune-4664799"
"1771529397-320","https://sn.coinafrique.com/categorie/autres-animaux?page=2","Chatons","Prix sur demande","Mariste, Dakar, Sénégal","https://sn.coinafrique.com/annonce/autres-animaux/chatons-4651939"
"1771529397-321","https://sn.coinafrique.com/categorie/autres-animaux?page=2","Couple perroquet  Roseicollis","60 000CFA","Point E, Dakar, Sénégal","https://sn.coinafrique.com/annonce/autres-animaux/couple-perroquet-roseicollis-4651651"
"1771529397-322","https://sn.coinafrique.com/categorie/autres-animaux?page=2","Canard Colvert","25 000CFA","Mariste, Dakar, Sénégal","https://sn.coinafrique.com/annonce/autres-animaux/canard-colvert-4650420"
"1771529397-323","https://sn.coinafrique.com/categorie/autres-animaux?page=2","Chatons","Prix sur demande","Point E, Dakar, Sénégal","https://sn.coinafrique.com/annonce/autres-animaux/chatons-4646165"
"1771529397-324","https://sn.coinafrique.com/categorie/autres-animaux?page=2","Chaton Himalayen","270 000CFA","Dakar Plateau, Dakar, Sénégal","https://sn.coinafrique.com/annonce/autres-animaux/chaton-himalayen-4642742"
"1771529397-325","https://sn.coinafrique.com/categorie/autres-animaux?page=2","Cage avec 3  oiseaux","60 000CFA","Dakar, Sénégal","https://sn.coinafrique.com/annonce/autres-animaux/cage-avec-3-oiseaux-4640165"
"1771529397-326","https://sn.coinafrique.com/categorie/autres-animaux?page=2","Chaton Hymalayen Persan","270 000CFA","Dakar Plateau, Dakar, Sénégal","https://sn.coinafrique.com/annonce/autres-animaux/chaton-hymalayen-persan-4639205"
"1771529397-327","https://sn.coinafrique.com/categorie/autres-animaux?page=2","Chat Brittish Shorthair","700 000CFA","Dakar Plateau, Dakar, Sénégal","https://sn.coinafrique.com/annonce/autres-animaux/chat-brittish-shorthair-4629619"
"1771529397-328","https://sn.coinafrique.com/categorie/autres-animaux?page=2","Chat Persan Chinchilla","400 000CFA","Dakar Plateau, Dakar, Sénégal","https://sn.coinafrique.com/annonce/autres-animaux/chat-persan-chinchilla-4623023"
"1771529403-329","https://sn.coinafrique.com/categorie/autres-animaux?page=1","Canard de barbarie","12 000CFA","Diamniadio, Sénégal","https://sn.coinafrique.com/annonce/autres-animaux/canard-de-barbarie-5769889"
"1771529403-330","https://sn.coinafrique.com/categorie/autres-animaux?page=1","Taureau 300 kg","750 000CFA","Matam, Sénégal","https://sn.coinafrique.com/annonce/autres-animaux/taureau-300-kg-5737439"
"1771529403-331","https://sn.coinafrique.com/categorie/autres-animaux?page=1","Oiseaux exotiques","Prix sur demande","Mbao, Dakar, Sénégal","https://sn.coinafrique.com/annonce/autres-animaux/oiseaux-exotiques-5716215"
"1771529403-332","https://sn.coinafrique.com/categorie/autres-animaux?page=1","Scottish Fold","720 000CFA","Point E, Dakar, Sénégal","https://sn.coinafrique.com/annonce/autres-animaux/scottish-fold-5673757"
"1771529403-333","https://sn.coinafrique.com/categorie/autres-animaux?page=1","Chaton","750 000CFA","Point E, Dakar, Sénégal","https://sn.coinafrique.com/annonce/autres-animaux/chaton-5673754"
"1771529403-334","https://sn.coinafrique.com/categorie/autres-animaux?page=1","Chaton Persan","650 000CFA","Point E, Dakar, Sénégal","https://sn.coinafrique.com/annonce/autres-animaux/chaton-persan-5673747"
"1771529403-335","https://sn.coinafrique.com/categorie/autres-animaux?page=1","British Long Hair Blue","750 000CFA","Point E, Dakar, Sénégal","https://sn.coinafrique.com/annonce/autres-animaux/british-long-hair-blue-5673744"
"1771529403-336","https://sn.coinafrique.com/categorie/autres-animaux?page=1","Chaton","750 000CFA","Point E, Dakar, Sénégal","https://sn.coinafrique.com/annonce/autres-animaux/chaton-5673743"
"1771529403-337","https://sn.coinafrique.com/categorie/autres-animaux?page=1","Auqarium 110 litre et couple de tortue","50 000CFA","Dakar Plateau, Dakar, Sénégal","https://sn.coinafrique.com/annonce/autres-animaux/auqarium-110-litre-et-couple-de-tortue-5672207"
"1771529403-338","https://sn.coinafrique.com/categorie/autres-animaux?page=1","Chatons","Prix sur demande","Almadies 2, Dakar, Sénégal","https://sn.coinafrique.com/annonce/autres-animaux/chatons-5671561"
"1771529403-339","https://sn.coinafrique.com/categorie/autres-animaux?page=1","Perroquets rose gorge","40 000CFA","Point E, Dakar, Sénégal","https://sn.coinafrique.com/annonce/autres-animaux/perroquets-rose-gorge-5668046"
"1771529403-340","https://sn.coinafrique.com/categorie/autres-animaux?page=1","Taureau","2 500 000CFA","Fatick, Sénégal","https://sn.coinafrique.com/annonce/autres-animaux/taureau-5634272"
"1771529403-341","https://sn.coinafrique.com/categorie/autres-animaux?page=1","Bœuf","650CFA","Bambey, Sénégal","https://sn.coinafrique.com/annonce/autres-animaux/buf-5632019"
"1771529403-342","https://sn.coinafrique.com/categorie/autres-animaux?page=1","Bœuf","725CFA","Bambey, Sénégal","https://sn.coinafrique.com/annonce/autres-animaux/buf-5632012"
"1771529403-343","https://sn.coinafrique.com/categorie/autres-animaux?page=1","Vache","350 000CFA","Patte d'oie, Dakar, Sénégal","https://sn.coinafrique.com/annonce/autres-animaux/vache-5587581"
"1771529403-344","https://sn.coinafrique.com/categorie/autres-animaux?page=1","Bœufs","Prix sur demande","Pikine, Sénégal","https://sn.coinafrique.com/annonce/autres-animaux/bufs-5577776"
"1771529403-345","https://sn.coinafrique.com/categorie/autres-animaux?page=1","Œuf à couver","Prix sur demande","Sicap foire, Dakar, Sénégal","https://sn.coinafrique.com/annonce/autres-animaux/uf-a-couver-5570463"
"1771529403-346","https://sn.coinafrique.com/categorie/autres-animaux?page=1","Perroquets perruches ondulées","25 000CFA","Point E, Dakar, Sénégal","https://sn.coinafrique.com/annonce/autres-animaux/perroquets-perruches-ondulees-5560070"
"1771529403-347","https://sn.coinafrique.com/categorie/autres-animaux?page=1","Pintades","Prix sur demande","Thies, Sénégal","https://sn.coinafrique.com/annonce/autres-animaux/pintades-5547215"
"1771529403-348","https://sn.coinafrique.com/categorie/autres-animaux?page=1","Grand Bouc Hijazi","1 200CFA","Saint Louis, Sénégal","https://sn.coinafrique.com/annonce/autres-animaux/grand-bouc-hijazi-5547149"
"1771529403-349","https://sn.coinafrique.com/categorie/autres-animaux?page=1","Chat Persan chinchilla","170 000CFA","Sicap Liberté, Dakar, Sénégal","https://sn.coinafrique.com/annonce/autres-animaux/chat-persan-chinchilla-5543922"
"1771529403-350","https://sn.coinafrique.com/categorie/autres-animaux?page=1","Taureau métis d'insémination","2 500 000CFA","Fatick, Sénégal","https://sn.coinafrique.com/annonce/autres-animaux/taureau-metis-dinsemination-5543760"
"1771529403-351","https://sn.coinafrique.com/categorie/autres-animaux?page=1","Taureau métis","2 500 000CFA","Fatick, Sénégal","https://sn.coinafrique.com/annonce/autres-animaux/taureau-metis-5538746"
"1771529403-352","https://sn.coinafrique.com/categorie/autres-animaux?page=1","Angora turc-chat","Prix sur demande","Sicap Liberté, Dakar, Sénégal","https://sn.coinafrique.com/annonce/autres-animaux/angora-turc-chat-5536029"
"1771529403-353","https://sn.coinafrique.com/categorie/autres-animaux?page=1","Calopsite élégante","75 000CFA","Point E, Dakar, Sénégal","https://sn.coinafrique.com/annonce/autres-animaux/calopsite-elegante-5530646"
"1771529403-354","https://sn.coinafrique.com/categorie/autres-animaux?page=1","Chaton Chartreux","100 000CFA","Ouest Foire, Dakar, Sénégal","https://sn.coinafrique.com/annonce/autres-animaux/chaton-chartreux-5523792"
"1771529403-355","https://sn.coinafrique.com/categorie/autres-animaux?page=1","Oies toulouse","Prix sur demande","Fass, Dakar, Sénégal","https://sn.coinafrique.com/annonce/autres-animaux/oies-toulouse-5520138"
"1771529403-356","https://sn.coinafrique.com/categorie/autres-animaux?page=1","Cailles et œufs de caille","3 000CFA","Guediawaye, Dakar, Sénégal","https://sn.coinafrique.com/annonce/autres-animaux/cailles-et-ufs-de-caille-5514762"
"1771529403-357","https://sn.coinafrique.com/categorie/autres-animaux?page=1","Chats","Prix sur demande","Almadies, Dakar, Sénégal","https://sn.coinafrique.com/annonce/autres-animaux/chats-5512934"
"1771529403-358","https://sn.coinafrique.com/categorie/autres-animaux?page=1","Chat  siamois","Prix sur demande","Almadies, Dakar, Sénégal","https://sn.coinafrique.com/annonce/autres-animaux/chat-siamois-5512930"
"1771529403-359","https://sn.coinafrique.com/categorie/autres-animaux?page=1","Paon","Prix sur demande","Thies, Sénégal","https://sn.coinafrique.com/annonce/autres-animaux/paon-5506967"
"1771529403-360","https://sn.coinafrique.com/categorie/autres-animaux?page=1","Chaton","35 000CFA","Mariste, Dakar, Sénégal","https://sn.coinafrique.com/annonce/autres-animaux/chaton-5504764"
"1771529403-361","https://sn.coinafrique.com/categorie/autres-animaux?page=1","Oie","40 000CFA","Dakar, Sénégal","https://sn.coinafrique.com/annonce/autres-animaux/oie-5499869"
"1771529403-362","https://sn.coinafrique.com/categorie/autres-animaux?page=1","Lapin nain","Prix sur demande","Dieuppeul-Derklé, Dakar, Sénégal","https://sn.coinafrique.com/annonce/autres-animaux/lapin-nain-5493761"
"1771529403-363","https://sn.coinafrique.com/categorie/autres-animaux?page=1","Chat siamois","Prix sur demande","Almadies, Dakar, Sénégal","https://sn.coinafrique.com/annonce/autres-animaux/chat-siamois-5485800"
"1771529403-364","https://sn.coinafrique.com/categorie/autres-animaux?page=1","Chaton Ragdoll","950 000CFA","Dakar Plateau, Dakar, Sénégal","https://sn.coinafrique.com/annonce/autres-animaux/chaton-ragdoll-5482181"
"1771529403-365","https://sn.coinafrique.com/categorie/autres-animaux?page=1","Boeuf","Prix sur demande","Niaga, Sénégal","https://sn.coinafrique.com/annonce/autres-animaux/boeuf-5480837"
"1771529403-366","https://sn.coinafrique.com/categorie/autres-animaux?page=1","Boeuf","Prix sur demande","Niaga, Sénégal","https://sn.coinafrique.com/annonce/autres-animaux/boeuf-5480832"
"1771529403-367","https://sn.coinafrique.com/categorie/autres-animaux?page=1","Vache","850 000CFA","Rufisque, Sénégal","https://sn.coinafrique.com/annonce/autres-animaux/vache-5479568"
"1771529403-368","https://sn.coinafrique.com/categorie/autres-animaux?page=1","Chaton Scottish","750 000CFA","Dakar Plateau, Dakar, Sénégal","https://sn.coinafrique.com/annonce/autres-animaux/chaton-scottish-5473342"
"1771529403-369","https://sn.coinafrique.com/categorie/autres-animaux?page=1","Chaton persan","400 000CFA","Dakar Plateau, Dakar, Sénégal","https://sn.coinafrique.com/annonce/autres-animaux/chaton-persan-5473339"
"1771529403-370","https://sn.coinafrique.com/categorie/autres-animaux?page=1","Perroquets","60 000CFA","Point E, Dakar, Sénégal","https://sn.coinafrique.com/annonce/autres-animaux/perroquets-5462432"
"1771529403-371","https://sn.coinafrique.com/categorie/autres-animaux?page=1","Bœuf","Prix sur demande","Niaga, Sénégal","https://sn.coinafrique.com/annonce/autres-animaux/buf-5454263"
"1771529403-372","https://sn.coinafrique.com/categorie/autres-animaux?page=1","Bœufs","550CFA","Bambey, Sénégal","https://sn.coinafrique.com/annonce/autres-animaux/bufs-5452011"
"1771529403-373","https://sn.coinafrique.com/categorie/autres-animaux?page=1","Bœufs","650CFA","Bambey, Sénégal","https://sn.coinafrique.com/annonce/autres-animaux/bufs-5452005"
"1771529403-374","https://sn.coinafrique.com/categorie/autres-animaux?page=1","Poulet et dinde","Prix sur demande","Thies, Sénégal","https://sn.coinafrique.com/annonce/autres-animaux/poulet-et-dinde-5441026"
"1771529403-375","https://sn.coinafrique.com/categorie/autres-animaux?page=1","Bœuf","650CFA","Bambey, Sénégal","https://sn.coinafrique.com/annonce/autres-animaux/buf-5437295"
"1771529403-376","https://sn.coinafrique.com/categorie/autres-animaux?page=1","Chat Siamois","250 000CFA","HLM, Dakar, Sénégal","https://sn.coinafrique.com/annonce/autres-animaux/chat-siamois-5435961"
"1771529403-377","https://sn.coinafrique.com/categorie/autres-animaux?page=1","Taureau","Prix sur demande","Bambey, Sénégal","https://sn.coinafrique.com/annonce/autres-animaux/taureau-5427578"
"1771529403-378","https://sn.coinafrique.com/categorie/autres-animaux?page=1","Chatons","200 000CFA","Dakar Plateau, Dakar, Sénégal","https://sn.coinafrique.com/annonce/autres-animaux/chatons-5426216"
"1771529403-379","https://sn.coinafrique.com/categorie/autres-animaux?page=1","Tortue terrestre sulcata","Prix sur demande","Dakar, Sénégal","https://sn.coinafrique.com/annonce/autres-animaux/tortue-terrestre-sulcata-5422356"
"1771529403-380","https://sn.coinafrique.com/categorie/autres-animaux?page=1","Hamster","15 000CFA","Dakar, Sénégal","https://sn.coinafrique.com/annonce/autres-animaux/hamster-5422322"
"1771529403-381","https://sn.coinafrique.com/categorie/autres-animaux?page=1","Taureaux","950 000CFA","Bambey, Sénégal","https://sn.coinafrique.com/annonce/autres-animaux/taureaux-5419672"
"1771529403-382","https://sn.coinafrique.com/categorie/autres-animaux?page=1","Dindons et dindes","Prix sur demande","Thies, Sénégal","https://sn.coinafrique.com/annonce/autres-animaux/dindons-et-dindes-5374129"
"1771529403-383","https://sn.coinafrique.com/categorie/autres-animaux?page=1","Poisson Aquarium","7 500CFA","Dakar, Sénégal","https://sn.coinafrique.com/annonce/autres-animaux/poisson-aquarium-5370855"
"1771529403-384","https://sn.coinafrique.com/categorie/autres-animaux?page=1","Veau","6 500 000CFA","Sicap Liberté, Dakar, Sénégal","https://sn.coinafrique.com/annonce/autres-animaux/veau-5363603"
"1771529403-385","https://sn.coinafrique.com/categorie/autres-animaux?page=1","Dinde","30 000CFA","Thies, Sénégal","https://sn.coinafrique.com/annonce/autres-animaux/dinde-5350940"
"1771529403-386","https://sn.coinafrique.com/categorie/autres-animaux?page=1","Bouc","80 000CFA","Keur Massar, Sénégal","https://sn.coinafrique.com/annonce/autres-animaux/bouc-5350345"
"1771529403-387","https://sn.coinafrique.com/categorie/autres-animaux?page=1","Chaton","350 000CFA","Dakar Plateau, Dakar, Sénégal","https://sn.coinafrique.com/annonce/autres-animaux/chaton-5344588"
"1771529403-388","https://sn.coinafrique.com/categorie/autres-animaux?page=1","Chaton Angora turc","Prix sur demande","Point E, Dakar, Sénégal","https://sn.coinafrique.com/annonce/autres-animaux/chaton-angora-turc-5341379"
"1771529403-389","https://sn.coinafrique.com/categorie/autres-animaux?page=1","Chatons","200 000CFA","Dakar Plateau, Dakar, Sénégal","https://sn.coinafrique.com/annonce/autres-animaux/chatons-5330509"
"1771529403-390","https://sn.coinafrique.com/categorie/autres-animaux?page=1","Perroquet Rose Gorge","50 000CFA","Point E, Dakar, Sénégal","https://sn.coinafrique.com/annonce/autres-animaux/perroquet-rose-gorge-5329928"
"1771529403-391","https://sn.coinafrique.com/categorie/autres-animaux?page=1","Cailles","Prix sur demande","Thies, Sénégal","https://sn.coinafrique.com/annonce/autres-animaux/cailles-5321576"
"1771529403-392","https://sn.coinafrique.com/categorie/autres-animaux?page=1","Boeuf","350 000CFA","Bambey, Sénégal","https://sn.coinafrique.com/annonce/autres-animaux/boeuf-5317378"
"1771529403-393","https://sn.coinafrique.com/categorie/autres-animaux?page=1","Chèvre race ndama","350 000CFA","Rufisque, Sénégal","https://sn.coinafrique.com/annonce/autres-animaux/chevre-race-ndama-5315130"
"1771529403-394","https://sn.coinafrique.com/categorie/autres-animaux?page=1","Vaches","325CFA","Bambey, Sénégal","https://sn.coinafrique.com/annonce/autres-animaux/vaches-5308237"
"1771529403-395","https://sn.coinafrique.com/categorie/autres-animaux?page=1","Canards","7 000CFA","Hann Bel-Air, Dakar, Sénégal","https://sn.coinafrique.com/annonce/autres-animaux/canards-5300877"
"1771529403-396","https://sn.coinafrique.com/categorie/autres-animaux?page=1","Cheval","Prix sur demande","Ouakam, Dakar, Sénégal","https://sn.coinafrique.com/annonce/autres-animaux/cheval-5300026"
"1771529403-397","https://sn.coinafrique.com/categorie/autres-animaux?page=1","Chat Persan","450 000CFA","Point E, Dakar, Sénégal","https://sn.coinafrique.com/annonce/autres-animaux/chat-persan-5297087"
"1771529403-398","https://sn.coinafrique.com/categorie/autres-animaux?page=1","Couple pintades adultes","35 000CFA","Sicap foire, Dakar, Sénégal","https://sn.coinafrique.com/annonce/autres-animaux/couple-pintades-adultes-5295025"
"1771529403-399","https://sn.coinafrique.com/categorie/autres-animaux?page=1","Chaton","375 000CFA","Fann, Dakar, Sénégal","https://sn.coinafrique.com/annonce/autres-animaux/chaton-5278827"
"1771529403-400","https://sn.coinafrique.com/categorie/autres-animaux?page=1","Chatons Siamois","150 000CFA","Ngor, Dakar, Sénégal","https://sn.coinafrique.com/annonce/autres-animaux/chatons-siamois-5275205"
"1771529403-401","https://sn.coinafrique.com/categorie/autres-animaux?page=1","Vaches Montbéliarde","900CFA","Bambey, Sénégal","https://sn.coinafrique.com/annonce/autres-animaux/vaches-montbeliarde-5262041"
"1771529403-402","https://sn.coinafrique.com/categorie/autres-animaux?page=1","Perroquets","60 000CFA","Point E, Dakar, Sénégal","https://sn.coinafrique.com/annonce/autres-animaux/perroquets-5237101"
"1771529403-403","https://sn.coinafrique.com/categorie/autres-animaux?page=1","Chaton Scottish","500 000CFA","Fann, Dakar, Sénégal","https://sn.coinafrique.com/annonce/autres-animaux/chaton-scottish-5234859"
"1771529403-404","https://sn.coinafrique.com/categorie/autres-animaux?page=1","Boeuf","Prix sur demande","Niaga, Sénégal","https://sn.coinafrique.com/annonce/autres-animaux/boeuf-5231174"
"1771529403-405","https://sn.coinafrique.com/categorie/autres-animaux?page=1","Perroquet","60 000CFA","Point E, Dakar, Sénégal","https://sn.coinafrique.com/annonce/autres-animaux/perroquet-5214349"
"1771529403-406","https://sn.coinafrique.com/categorie/autres-animaux?page=1","Chaton Angora","210 000CFA","Sacré-Coeur, Dakar, Sénégal","https://sn.coinafrique.com/annonce/autres-animaux/chaton-angora-5213818"
"1771529403-407","https://sn.coinafrique.com/categorie/autres-animaux?page=1","Boeuf","550CFA","Niaga, Sénégal","https://sn.coinafrique.com/annonce/autres-animaux/boeuf-5205943"
"1771529403-408","https://sn.coinafrique.com/categorie/autres-animaux?page=1","Hamster","15 000CFA","Almadies 2, Dakar, Sénégal","https://sn.coinafrique.com/annonce/autres-animaux/hamster-5189132"
"1771529403-409","https://sn.coinafrique.com/categorie/autres-animaux?page=1","Canards mâles et femelles","Prix sur demande","Thies, Sénégal","https://sn.coinafrique.com/annonce/autres-animaux/canards-males-et-femelles-5185900"
"1771529403-410","https://sn.coinafrique.com/categorie/autres-animaux?page=1","Caille","15 000CFA","Keur Massar, Sénégal","https://sn.coinafrique.com/annonce/autres-animaux/caille-5182728"
"1771529403-411","https://sn.coinafrique.com/categorie/autres-animaux?page=1","Boeuf","Prix sur demande","Niaga, Sénégal","https://sn.coinafrique.com/annonce/autres-animaux/boeuf-5179428"
"1771529403-412","https://sn.coinafrique.com/categorie/autres-animaux?page=1","Perroquet perruches ondulées","20 000CFA","Point E, Dakar, Sénégal","https://sn.coinafrique.com/annonce/autres-animaux/perroquet-perruches-ondulees-5138284"
